seq_length,hidden_size,dropout,lr,batch_size,num_layers,train_rmse,test_rmse,rmse_gap,test_pred_std,test_actual_std,test_std_ratio,county
6,16,0.1,0.0001,4,1,2.493319666563682,0.8562185310466361,-1.637101135517046,0.4655907261779878,1.2611728899944863,0.3691727992821216,Fresno
6,32,0.3,0.0001,8,2,2.631989220116015,0.8743502850970934,-1.7576389350189217,0.6145162765920027,1.2611728899944863,0.4872577593978326,Fresno
6,16,0.3,0.0001,4,2,2.473599892272265,0.8746872462895173,-1.5989126459827476,0.4536195149771154,1.2611728899944863,0.359680673899594,Fresno
6,64,0.2,0.005,8,2,1.0672932416725092,0.8883973665392738,-0.1788958751332353,0.6515274277316099,1.2611728899944863,0.5166043711377734,Fresno
6,8,0.3,0.0005,6,1,1.8562608677029648,0.8908672570148574,-0.9653936106881073,0.7402894305989722,1.2611728899944863,0.586984890392156,Fresno
6,32,0.0,0.0001,6,1,2.552550380101306,0.8977392880341437,-1.6548110920671624,0.4343470153972873,1.2611728899944863,0.3443992642429748,Fresno
6,32,0.0,0.0001,8,2,2.560369524928109,0.8995863740847788,-1.6607831508433302,0.4633979122449246,1.2611728899944863,0.367434089268245,Fresno
6,64,0.3,0.005,6,1,1.0041710256354834,0.9074384049177228,-0.0967326207177607,0.5963299181564876,1.2611728899944863,0.4728375648473498,Fresno
6,32,0.3,0.0001,6,1,2.5308951001483244,0.9085683311136604,-1.622326769034664,0.4300188150508688,1.2611728899944863,0.3409673792248648,Fresno
6,32,0.2,0.0001,8,1,2.519923429080174,0.9185633621259656,-1.6013600669542083,0.3758222231613113,1.2611728899944863,0.2979942132778911,Fresno
6,8,0.4,0.0001,8,1,3.3634743054177307,0.9186784423847512,-2.44479586303298,0.5681463564757455,1.2611728899944863,0.4504904608901237,Fresno
6,32,0.2,0.0001,8,2,2.478286220232332,0.9264293848233875,-1.5518568354089446,0.3899463932698634,1.2611728899944863,0.3091934471185534,Fresno
6,32,0.1,0.0001,6,2,2.482721908152263,0.9273375168238016,-1.5553843913284613,0.3902496813550731,1.2611728899944863,0.3094339280927448,Fresno
6,16,0.1,0.005,6,2,0.6237092212626761,0.930509910047212,0.3068006887845358,0.4369295640857801,1.2611728899944863,0.3464469998936388,Fresno
6,8,0.4,0.005,4,2,0.9543409595615564,0.9352613539616096,-0.0190796055999468,0.5175862770951977,1.2611728899944863,0.4104007318912955,Fresno
6,32,0.1,0.0001,8,2,2.716439509076172,0.9414418206218096,-1.7749976884543623,0.394593838287615,1.2611728899944863,0.3128784652906233,Fresno
6,16,0.1,0.001,6,1,1.275787078000169,0.9431139442053892,-0.3326731337947799,0.3920551575050123,1.2611728899944863,0.3108655130596141,Fresno
6,32,0.1,0.0001,8,1,2.558542090188467,0.9441084537408316,-1.6144336364476355,0.3921394702357681,1.2611728899944863,0.3109323656945103,Fresno
6,8,0.2,0.0005,6,1,2.5466587505984872,0.9445776967924728,-1.6020810538060144,0.3967466994028037,1.2611728899944863,0.31458549620785,Fresno
6,8,0.4,0.0001,4,1,2.978065229518781,0.946681536474742,-2.031383693044039,0.4264258147668647,1.2611728899944863,0.338118443672484,Fresno
6,16,0.2,0.0001,6,2,2.654891032126512,0.9507349862499576,-1.7041560458765548,0.3576949370385235,1.2611728899944863,0.2836208579143239,Fresno
6,16,0.1,0.0001,8,2,2.8199794545755155,0.9534316169347598,-1.866547837640756,0.4458428320674963,1.2611728899944863,0.3535144432651461,Fresno
6,16,0.2,0.001,8,2,1.3480040794143926,0.9571369519292556,-0.3908671274851368,0.4338208363071926,1.2611728899944863,0.3439820501605368,Fresno
6,32,0.1,0.0001,6,1,2.426760640769271,0.9577546725490808,-1.46900596822019,0.3927961689135545,1.2611728899944863,0.3114530704154858,Fresno
6,32,0.3,0.0001,6,2,2.3140292966111504,0.9630039451627528,-1.351025351448398,0.4368743216580856,1.2611728899944863,0.3464031974712012,Fresno
6,64,0.1,0.005,6,1,0.9050107151142778,0.9632630788208304,0.0582523637065525,0.5659371668007811,1.2611728899944863,0.4487387663425394,Fresno
6,16,0.4,0.001,6,2,1.4388927023103897,0.9638295263108476,-0.475063175999542,0.5088667851870243,1.2611728899944863,0.4034869360292457,Fresno
6,32,0.3,0.005,8,1,0.82430657799533,0.9645079672985986,0.1402013893032685,0.5184541106052052,1.2611728899944863,0.4110888481019218,Fresno
6,32,0.0,0.0001,8,1,2.418536499250254,0.9657538218948516,-1.4527826773554025,0.3175705816930218,1.2611728899944863,0.2518057470252236,Fresno
6,64,0.2,0.005,6,1,1.0054091181530356,0.9664544044899562,-0.0389547136630793,0.5541891910048037,1.2611728899944863,0.4394236471473998,Fresno
6,16,0.0,0.001,4,1,0.9104330282518054,0.9688042765881844,0.0583712483363789,0.4266153501688313,1.2611728899944863,0.3382687286995967,Fresno
6,32,0.4,0.0001,4,2,2.4756923556826638,0.9693575026535308,-1.5063348530291325,0.4991619662703067,1.2611728899944863,0.3957918618695402,Fresno
6,16,0.3,0.005,8,2,0.8762558015265051,0.9708332038734238,0.0945774023469187,0.4621153307161809,1.2611728899944863,0.3664171140867143,Fresno
6,16,0.3,0.001,6,1,1.3907108961615875,0.9710523373781984,-0.4196585587833892,0.4147976313413982,1.2611728899944863,0.3288983093691552,Fresno
6,16,0.0,0.0001,6,2,2.639177082306767,0.9722394382236812,-1.6669376440830854,0.3492347121553754,1.2611728899944863,0.2769126381688256,Fresno
6,32,0.2,0.0001,6,1,2.579897068300005,0.9733676042170728,-1.6065294640829326,0.3001324392427089,1.2611728899944863,0.2379788224309365,Fresno
6,16,0.4,0.001,4,1,1.3340924177341238,0.975537653769858,-0.3585547639642656,0.4254231974529147,1.2611728899944863,0.3373234556721042,Fresno
6,32,0.3,0.0001,8,1,2.7327187441228125,0.9807641665244412,-1.7519545775983714,0.3845999385350871,1.2611728899944863,0.3049541752651918,Fresno
6,32,0.1,0.001,6,2,1.0004095088777225,0.9815395647060374,-0.0188699441716848,0.4565862141952805,1.2611728899944863,0.362033007383529,Fresno
6,8,0.2,0.001,4,1,1.5405751143707511,0.9828311063237136,-0.5577440080470375,0.4497286852514813,1.2611728899944863,0.3565955856008349,Fresno
6,32,0.4,0.001,8,2,1.3280789953599692,0.984212045816082,-0.3438669495438871,0.3727259606238926,1.2611728899944863,0.2955391473928068,Fresno
6,64,0.4,0.005,6,2,1.7815489175285233,0.9862939806964596,-0.7952549368320636,0.4152114158939743,1.2611728899944863,0.3292264043955064,Fresno
6,16,0.3,0.0005,4,1,1.4069389185583532,0.9876653636308472,-0.419273554927506,0.5326987199636959,1.2611728899944863,0.4223835797533078,Fresno
6,32,0.4,0.001,6,2,1.3074601559175547,0.9891210825762684,-0.3183390733412862,0.3779011662282265,1.2611728899944863,0.2996426336359629,Fresno
6,64,0.2,0.001,8,2,1.247107795808138,0.9901412957181585,-0.2569665000899795,0.5821184053723288,1.2611728899944863,0.4615690758900421,Fresno
6,64,0.4,0.005,8,1,1.5695037646353749,0.9926204533103512,-0.5768833113250236,0.7698666239353344,1.2611728899944863,0.6104370225867288,Fresno
6,32,0.3,0.001,6,1,1.370884844881764,0.9971734611849176,-0.3737113836968464,0.398086763881648,1.2611728899944863,0.3156480503504863,Fresno
6,32,0.4,0.001,4,2,1.0263369934476885,0.998462818350954,-0.0278741750967342,0.3557734235756826,1.2611728899944863,0.2820972654885073,Fresno
6,64,0.2,0.001,6,1,1.143144049298471,1.0006162528954263,-0.1425277964030447,0.3368525151807695,1.2611728899944863,0.2670946369472325,Fresno
6,8,0.0,0.001,8,1,1.416646455377507,1.0011200477587172,-0.4155264076187901,0.5359918307630631,1.2611728899944863,0.4249947291250499,Fresno
6,32,0.2,0.0005,4,1,1.593273581160602,1.001721049169316,-0.591552531991286,0.3344470823636499,1.2611728899944863,0.2651873387201592,Fresno
6,16,0.4,0.0001,4,1,2.67827302954595,1.0022768017022277,-1.6759962278437224,0.272899650072248,1.2611728899944863,0.2163855980708886,Fresno
6,64,0.3,0.005,4,2,1.505194800698488,1.002483424629777,-0.5027113760687112,0.6209863005061924,1.2611728899944863,0.492387923521657,Fresno
6,32,0.0,0.0001,6,2,2.259428714442538,1.0031659501039516,-1.2562627643385862,0.39038335932826,1.2611728899944863,0.3095399230552496,Fresno
6,16,0.4,0.005,8,1,0.7874475606351621,1.0065918482922422,0.2191442876570801,0.396796869551199,1.2611728899944863,0.3146252767556189,Fresno
6,16,0.2,0.001,4,2,1.359539913188787,1.0068682362739745,-0.3526716769148126,0.3521412744661758,1.2611728899944863,0.2792172883352379,Fresno
6,8,0.1,0.0005,4,1,1.9747949746049525,1.008734701596234,-0.9660602730087184,0.5829098773350341,1.2611728899944863,0.4621966440601037,Fresno
6,16,0.4,0.0001,8,2,2.8158737431699445,1.0125107251875156,-1.803363017982429,0.2786445070485141,1.2611728899944863,0.2209407681208024,Fresno
6,64,0.3,0.001,6,1,0.9536557702022525,1.0143705425747238,0.0607147723724714,0.4885707920776852,1.2611728899944863,0.3873939853558231,Fresno
6,16,0.3,0.005,6,1,0.949462871656564,1.015611218114942,0.0661483464583782,0.4122047819707511,1.2611728899944863,0.3268424061768035,Fresno
6,32,0.2,0.001,6,1,1.0413759088708965,1.016088410111838,-0.0252874987590583,0.3537426669597325,1.2611728899944863,0.2804870527793212,Fresno
6,32,0.3,0.001,4,2,1.0258426360351045,1.017165222370216,-0.0086774136648881,0.3590699377553128,1.2611728899944863,0.284711113443679,Fresno
6,8,0.1,0.001,4,1,1.4177643710635317,1.0172798039406732,-0.4004845671228583,0.3937306068100615,1.2611728899944863,0.3121939980899707,Fresno
6,64,0.1,0.005,4,1,1.3283918685699845,1.0179613369771383,-0.3104305315928459,0.4782457229149872,1.2611728899944863,0.3792071068995766,Fresno
6,8,0.2,0.0005,6,2,2.009362807448578,1.0185578538955165,-0.9908049535530616,0.3031505913997191,1.2611728899944863,0.2403719536034781,Fresno
6,32,0.2,0.0001,6,2,2.186351149209216,1.0188375833153571,-1.1675135658938582,0.4666805987107033,1.2611728899944863,0.3700369730535069,Fresno
6,16,0.0,0.0001,8,2,2.525583534692689,1.019486018970389,-1.5060975157223,0.3091315264918566,1.2611728899944863,0.2451143129894015,Fresno
6,32,0.4,0.0005,6,2,1.4154257453577572,1.0200641699098707,-0.3953615754478865,0.3557010457710789,1.2611728899944863,0.2820398762081176,Fresno
6,64,0.4,0.001,6,1,1.3490328037042971,1.0200856907182034,-0.3289471129860937,0.3627593700023697,1.2611728899944863,0.2876365111241454,Fresno
6,8,0.4,0.0001,8,2,3.133142873876208,1.0210602060572924,-2.1120826678189157,0.357433447523073,1.2611728899944863,0.2834135195568909,Fresno
6,32,0.2,0.001,6,2,1.134103415561562,1.0212432890484524,-0.1128601265131095,0.4344747988598122,1.2611728899944863,0.3445005853731216,Fresno
6,8,0.0,0.0001,6,1,2.6817702036035054,1.022445384520974,-1.6593248190825314,0.2904891793792548,1.2611728899944863,0.2303325592262966,Fresno
6,64,0.3,0.0001,8,2,2.32415623958374,1.0253510387023888,-1.298805200881351,0.4364447705366717,1.2611728899944863,0.3460626009322003,Fresno
6,32,0.4,0.0001,6,1,2.42600488974294,1.0255699817922097,-1.4004349079507306,0.2434171073187807,1.2611728899944863,0.1930085155254526,Fresno
6,32,0.1,0.0005,6,2,1.2865607273674078,1.0271851432074124,-0.2593755841599954,0.310853075494156,1.2611728899944863,0.2464793510551237,Fresno
6,64,0.4,0.001,4,2,1.0006712032758134,1.0289604403975292,0.0282892371217158,0.3827681951077305,1.2611728899944863,0.3035017626404924,Fresno
6,64,0.4,0.005,4,2,0.611312781061164,1.0297451033660645,0.4184323223049002,0.499795962317504,1.2611728899944863,0.396294565386423,Fresno
6,32,0.0,0.001,4,2,0.983003124868284,1.0318832252381451,0.0488801003698612,0.3973886630518396,1.2611728899944863,0.3150945173374103,Fresno
6,32,0.4,0.0005,4,1,1.3712628925118162,1.0353466421417086,-0.3359162503701076,0.3236435389458184,1.2611728899944863,0.2566210719509149,Fresno
6,16,0.0,0.0005,6,1,1.673590727704897,1.03547983119991,-0.6381108965049869,0.5533607084217183,1.2611728899944863,0.438766732786444,Fresno
6,32,0.0,0.0001,4,2,2.093943725131592,1.03634698402573,-1.057596741105862,0.406733889531696,1.2611728899944863,0.3225044660874958,Fresno
6,32,0.4,0.0001,8,2,2.7639135227735188,1.037386595706712,-1.7265269270668069,0.2954935021523557,1.2611728899944863,0.2343005503025422,Fresno
6,64,0.4,0.0001,8,2,2.2490966734992632,1.0381799720521965,-1.210916701447067,0.4748333230510896,1.2611728899944863,0.3765013717137271,Fresno
6,16,0.0,0.0001,4,1,2.310100298476387,1.040758812599948,-1.269341485876439,0.3425129785973727,1.2611728899944863,0.2715828902719833,Fresno
6,64,0.2,0.001,4,1,0.7627281003960713,1.0419410130663622,0.2792129126702909,0.29780491091334,1.2611728899944863,0.2361332956615027,Fresno
6,64,0.2,0.0005,6,2,1.2458905341197737,1.0438382567197029,-0.2020522774000708,0.2860383812734551,1.2611728899944863,0.2268034648879152,Fresno
6,32,0.2,0.001,8,2,1.2617343616030778,1.0450806403910466,-0.2166537212120312,0.2508392792612473,1.2611728899944863,0.1988936499121416,Fresno
6,8,0.0,0.0001,6,2,2.781538606422614,1.0456421340732904,-1.7358964723493242,0.3777835701414411,1.2611728899944863,0.2995493902054085,Fresno
6,16,0.0,0.001,6,1,1.376807477376471,1.0471635543702078,-0.3296439230062631,0.337327713000619,1.2611728899944863,0.2674714273330865,Fresno
6,64,0.4,0.001,4,1,0.8501274903288685,1.0480804950343774,0.1979530047055089,0.4255863418293248,1.2611728899944863,0.3374528149199158,Fresno
6,16,0.3,0.005,4,1,1.9048809565246885,1.0491676494132114,-0.8557133071114769,0.3819952545392576,1.2611728899944863,0.3028888882482461,Fresno
6,8,0.2,0.0001,4,2,2.492456058368423,1.0494159719860772,-1.443040086382346,0.2551132999131377,1.2611728899944863,0.2022825751624371,Fresno
6,32,0.2,0.0005,6,2,1.4124946115227617,1.0499339488499184,-0.3625606626728432,0.3986622698419198,1.2611728899944863,0.3161043763346853,Fresno
6,8,0.3,0.0005,8,2,2.8647836307851717,1.0501224124843824,-1.8146612183007889,0.4279052484426088,1.2611728899944863,0.3392915054211793,Fresno
6,64,0.3,0.001,4,1,1.3099836963185028,1.0519753848606417,-0.2580083114578611,0.4458683695544029,1.2611728899944863,0.3535346922628127,Fresno
6,32,0.0,0.0005,4,2,1.2714451724987157,1.053204999735431,-0.2182401727632845,0.2635395536238923,1.2611728899944863,0.2089638587339476,Fresno
6,8,0.4,0.001,6,2,1.6546531324300675,1.0557711860380734,-0.5988819463919943,0.2599119595354534,1.2611728899944863,0.2060874933147268,Fresno
6,64,0.0,0.0005,6,1,1.1868018950117707,1.0561653717706876,-0.1306365232410831,0.5779394624188738,1.2611728899944863,0.4582555389542194,Fresno
6,64,0.2,0.0005,8,1,1.4344283093453196,1.0568835939750918,-0.3775447153702278,0.2908780829438953,1.2611728899944863,0.2306409258013522,Fresno
6,64,0.1,0.0005,8,2,1.3293984663695833,1.0593116281237778,-0.2700868382458055,0.3046405994385242,1.2611728899944863,0.2415533998989274,Fresno
6,16,0.2,0.0001,4,1,2.5267570488140056,1.0603536963794342,-1.4664033524345714,0.2417187614351066,1.2611728899944863,0.1916618755071426,Fresno
6,32,0.4,0.005,6,2,1.0268121760904865,1.0620103572117603,0.0351981811212742,0.2986099657237494,1.2611728899944863,0.2367716338439965,Fresno
6,16,0.1,0.001,4,1,1.3312102429297894,1.0629193012577982,-0.2682909416719912,0.2124998445772037,1.2611728899944863,0.1684938252820616,Fresno
6,16,0.2,0.0001,8,1,2.6434076593868374,1.0652175991743842,-1.5781900602124532,0.2785314121876601,1.2611728899944863,0.2208510937694496,Fresno
6,16,0.0,0.0001,4,2,2.4477144899618226,1.0652602495894308,-1.3824542403723918,0.2354206015496961,1.2611728899944863,0.1866679845542234,Fresno
6,64,0.4,0.0005,8,2,1.3939431752106577,1.0661796896416738,-0.3277634855689837,0.3757767751339629,1.2611728899944863,0.2979581769598661,Fresno
6,16,0.3,0.001,4,2,1.1825357833643186,1.0666034678729772,-0.1159323154913414,0.2694405237812037,1.2611728899944863,0.2136428129075797,Fresno
6,32,0.3,0.0005,4,2,1.3169276181763154,1.0669142137033645,-0.2500134044729509,0.2307883590395009,1.2611728899944863,0.1829950206434503,Fresno
6,16,0.0,0.005,8,2,1.491093955758473,1.0676707587767342,-0.4234231969817388,0.5190710349990294,1.2611728899944863,0.4115780152880535,Fresno
6,8,0.3,0.005,4,2,0.9065397260372564,1.0677043266742707,0.1611646006370144,0.3508739864551335,1.2611728899944863,0.2782124395781037,Fresno
6,32,0.3,0.005,4,2,2.344890617824541,1.0694282671046595,-1.2754623507198817,0.5654752361829919,1.2611728899944863,0.4483724956896782,Fresno
6,8,0.4,0.0005,6,1,2.0638129891703816,1.06991371167621,-0.9938992774941716,0.398004848600738,1.2611728899944863,0.3155830986840178,Fresno
6,16,0.3,0.0001,8,1,2.729939535352617,1.0700133564931793,-1.6599261788594375,0.2147871678909506,1.2611728899944863,0.1703074729840487,Fresno
6,32,0.3,0.001,6,2,1.2979712463412214,1.0707276436389142,-0.2272436027023072,0.3325145199027675,1.2611728899944863,0.2636549854034851,Fresno
6,8,0.3,0.001,4,2,1.5366949161997625,1.0707581931960293,-0.465936723003733,0.4212824400424951,1.2611728899944863,0.3340401965382691,Fresno
6,16,0.4,0.001,4,2,1.3660747675369551,1.0709480539877576,-0.2951267135491975,0.2521901526627506,1.2611728899944863,0.1999647745868158,Fresno
6,8,0.3,0.005,8,1,0.9878366449292793,1.073347210890332,0.0855105659610526,0.2716170665273155,1.2611728899944863,0.2153686212906962,Fresno
6,16,0.4,0.0001,6,2,2.804738050388356,1.0761152202094388,-1.7286228301789168,0.2836770181155292,1.2611728899944863,0.2249311100532531,Fresno
6,32,0.4,0.001,4,1,0.7787340837350277,1.0761632181063578,0.2974291343713301,0.3668819939242647,1.2611728899944863,0.2909053919846537,Fresno
6,64,0.3,0.005,6,2,1.1594230296362484,1.0761910464333897,-0.0832319832028589,0.3981615142108983,1.2611728899944863,0.3157073208357967,Fresno
6,32,0.3,0.001,8,1,1.3191331491390554,1.0769980890879538,-0.2421350600511016,0.3590221533074368,1.2611728899944863,0.2846732245481477,Fresno
6,32,0.4,0.0001,8,1,2.729025363490334,1.0774673539550503,-1.6515580095352835,0.1928955206234477,1.2611728899944863,0.1529493078655464,Fresno
6,64,0.0,0.0005,8,1,1.3648160398777465,1.0774811724717204,-0.2873348674060261,0.2786121984348813,1.2611728899944863,0.2209151502107687,Fresno
6,16,0.0,0.0001,8,1,2.7890877297187284,1.0779228956641105,-1.7111648340546182,0.4542114203929817,1.2611728899944863,0.3601500032203891,Fresno
6,8,0.2,0.0005,4,1,1.4949611870078112,1.0781553940228956,-0.4168057929849156,0.3953777773581671,1.2611728899944863,0.3135000605348372,Fresno
6,8,0.0,0.0005,6,2,1.4459371131388483,1.0783535740120445,-0.3675835391268041,0.5689444770066844,1.2611728899944863,0.4511233007943674,Fresno
6,32,0.3,0.0001,4,1,2.126457815902374,1.0788635268915343,-1.0475942890108396,0.3260532446567928,1.2611728899944863,0.2585317582097869,Fresno
6,32,0.2,0.0005,6,1,1.4540403049824289,1.0794874348765684,-0.3745528701058604,0.3870214486637074,1.2611728899944863,0.3068742213967186,Fresno
6,16,0.4,0.0001,6,1,2.697504222111882,1.0806377410980426,-1.6168664810138396,0.2194317660791809,1.2611728899944863,0.1739902338688395,Fresno
6,64,0.2,0.0001,8,1,2.156003957413424,1.0815398917874464,-1.0744640656259778,0.4319601376134396,1.2611728899944863,0.3425066785374113,Fresno
6,32,0.0,0.0001,4,1,2.1140653308148933,1.082367188007821,-1.0316981428070724,0.4991256764834702,1.2611728899944863,0.3957630872367168,Fresno
6,16,0.0,0.001,8,2,1.41245492487604,1.0828445925233496,-0.3296103323526902,0.3325074988236903,1.2611728899944863,0.2636494183007248,Fresno
6,8,0.1,0.0001,6,2,2.815442036830974,1.082940436851242,-1.7325015999797315,0.2686266091817526,1.2611728899944863,0.2129974496858452,Fresno
6,32,0.3,0.005,4,1,0.7390765408865063,1.0835459130779663,0.3444693721914602,0.4057230730753903,1.2611728899944863,0.321702976883022,Fresno
6,32,0.4,0.005,8,2,0.6448018693164038,1.0850744139807489,0.440272544664345,0.3638062765372827,1.2611728899944863,0.2884666166102517,Fresno
6,16,0.4,0.001,6,1,1.3747494573743433,1.0864094298989877,-0.2883400274753558,0.3546767117431209,1.2611728899944863,0.2812276687494222,Fresno
6,8,0.3,0.0005,4,2,2.0521487676503782,1.0865418932912108,-0.9656068743591676,0.3955237530844089,1.2611728899944863,0.3136158065419072,Fresno
6,16,0.2,0.001,6,1,1.3552097784663588,1.0872439019602247,-0.2679658765061341,0.2694462942266553,1.2611728899944863,0.2136473883670566,Fresno
6,16,0.3,0.001,6,2,1.1768293803854812,1.0874069710701824,-0.0894224093152988,0.3647222797442851,1.2611728899944863,0.2891929271853279,Fresno
6,32,0.3,0.0005,6,2,1.3979160794662635,1.0874118885348985,-0.310504190931365,0.3717562607057486,1.2611728899944863,0.2947702600135766,Fresno
6,32,0.1,0.0005,4,2,1.211339720296834,1.087842858400792,-0.1234968618960419,0.263393747346177,1.2611728899944863,0.2088482470847661,Fresno
6,32,0.4,0.005,8,1,1.1630933033636184,1.0878512071521451,-0.075242096211473,0.4441445809218152,1.2611728899944863,0.352167878365794,Fresno
6,16,0.4,0.0005,4,2,1.4716906261679843,1.0898904069546167,-0.3818002192133676,0.343083997290844,1.2611728899944863,0.2720356582453527,Fresno
6,32,0.3,0.001,8,2,1.3567206273255172,1.090081566271072,-0.2666390610544453,0.2625345050548898,1.2611728899944863,0.2081669429605623,Fresno
6,8,0.3,0.0005,8,1,2.331698380674742,1.0900898679754538,-1.2416085126992884,0.3054613875515349,1.2611728899944863,0.2422042132168495,Fresno
6,16,0.3,0.0001,4,1,2.6623524886321435,1.0912712085774086,-1.571081280054735,0.27895706132479,1.2611728899944863,0.2211885963755607,Fresno
6,16,0.4,0.005,8,2,0.8085490987341309,1.092143840458364,0.2835947417242331,0.2573022228425253,1.2611728899944863,0.2040181999500878,Fresno
6,16,0.0,0.001,6,2,1.2604691236659349,1.0931364871157463,-0.1673326365501883,0.2311807365347906,1.2611728899944863,0.1833061417422327,Fresno
6,64,0.4,0.0005,4,1,1.020137178674016,1.09469821821634,0.0745610395423239,0.4210088396993672,1.2611728899944863,0.3338232553517763,Fresno
6,8,0.0,0.001,4,1,1.2029653964537337,1.0957762348603295,-0.1071891615934041,0.4410711830506089,1.2611728899944863,0.3497309421649058,Fresno
6,32,0.1,0.001,6,1,1.381204284449102,1.096163448717378,-0.285040835731724,0.4339712919637868,1.2611728899944863,0.3441013483612734,Fresno
6,8,0.2,0.001,6,2,1.487675857115641,1.0961850044628836,-0.3914908526527574,0.3636355487577292,1.2611728899944863,0.2883312443857867,Fresno
6,16,0.3,0.0001,6,2,2.5640207860866915,1.0967047008819155,-1.4673160852047755,0.2082818761260265,1.2611728899944863,0.1651493445335136,Fresno
6,64,0.1,0.0001,8,1,2.204951749178059,1.0972388591658655,-1.1077128900121935,0.368643177756239,1.2611728899944863,0.2923018570101445,Fresno
6,32,0.4,0.0005,6,1,1.4647333402384766,1.0975573068221909,-0.3671760334162859,0.4776958901177301,1.2611728899944863,0.3787711374923532,Fresno
6,64,0.1,0.001,6,1,0.691512632123108,1.0981710302308056,0.4066583981076976,0.6117509079201852,1.2611728899944863,0.4850650634607754,Fresno
6,8,0.2,0.005,8,2,0.9131747349217332,1.0982395436756651,0.185064808753932,0.3168905459706063,1.2611728899944863,0.2512665380652066,Fresno
6,16,0.4,0.0005,4,1,1.487132800511213,1.0983720719703465,-0.3887607285408667,0.2857098096188413,1.2611728899944863,0.2265429362504694,Fresno
6,32,0.3,0.005,6,2,0.7255719503345656,1.0993167872910703,0.3737448369565049,0.3623414312504132,1.2611728899944863,0.2873051221803517,Fresno
6,64,0.3,0.005,4,1,0.8222387772200189,1.0999371438666814,0.2776983666466625,0.3376852854159194,1.2611728899944863,0.2677549510419588,Fresno
6,16,0.2,0.0001,6,1,2.8228129104910717,1.1028990122502844,-1.7199138982407869,0.3252402687486337,1.2611728899944863,0.2578871392882982,Fresno
6,32,0.4,0.005,4,1,1.0182573556566428,1.102995336880211,0.0847379812235682,0.2477192580253388,1.2611728899944863,0.1964197454533151,Fresno
6,64,0.3,0.001,6,2,1.501688333829145,1.1034322520726882,-0.3982560817564564,0.5288080656421761,1.2611728899944863,0.4192986305346984,Fresno
6,16,0.1,0.0001,6,1,2.880992935076939,1.1034813056451684,-1.7775116294317703,0.2742574335322895,1.2611728899944863,0.217462201818728,Fresno
6,64,0.0,0.001,8,1,0.977897285269792,1.1035256617301177,0.1256283764603255,0.536091905594673,1.2611728899944863,0.4250740797298748,Fresno
6,8,0.1,0.001,8,2,2.13912184300337,1.1040264521920695,-1.0350953908113003,0.5326087722521616,1.2611728899944863,0.4223122590705942,Fresno
6,16,0.1,0.0005,4,2,1.4685887562789184,1.105914490073969,-0.3626742662049493,0.5018123054055031,1.2611728899944863,0.3978933494262606,Fresno
6,64,0.3,0.001,8,2,1.1558426484426547,1.1074833510068445,-0.0483592974358102,0.4388854281027483,1.2611728899944863,0.3479978293100377,Fresno
6,32,0.3,0.0005,6,1,1.395369317209924,1.1082588206773871,-0.2871104965325368,0.2201312326845473,1.2611728899944863,0.1745448498226993,Fresno
6,16,0.1,0.005,4,2,0.5931624771219692,1.1084696082464771,0.5153071311245081,0.3946805350633755,1.2611728899944863,0.3129472082650785,Fresno
6,32,0.4,0.0005,4,2,1.3531480435646557,1.1084846826885562,-0.2446633608760995,0.3335616441419518,1.2611728899944863,0.2644852635100728,Fresno
6,32,0.1,0.001,8,2,1.18692887588013,1.1089520564604696,-0.0779768194196603,0.2345341959192713,1.2611728899944863,0.1859651422734726,Fresno
6,8,0.4,0.001,8,1,2.066085612749439,1.1095965133482677,-0.9564890994011712,0.2448898015392659,1.2611728899944863,0.1941762334744893,Fresno
6,64,0.4,0.001,8,1,1.6304094282895052,1.10963693761452,-0.5207724906749851,0.4150771686904582,1.2611728899944863,0.3291199580830451,Fresno
6,64,0.2,0.005,4,2,0.4618712155591287,1.1097607238668947,0.647889508307766,0.255685709346924,1.2611728899944863,0.2027364458714632,Fresno
6,64,0.3,0.0005,6,1,1.5233161578131926,1.1101903511972375,-0.4131258066159549,0.4327586050929246,1.2611728899944863,0.3431397935415631,Fresno
6,32,0.4,0.0001,6,2,2.2238445760086973,1.11158290844842,-1.1122616675602774,0.4612184150481211,1.2611728899944863,0.3657059382636566,Fresno
6,64,0.1,0.0005,8,1,1.3887807718145049,1.1115835955740698,-0.2771971762404348,0.2780442126604258,1.2611728899944863,0.2204647870774017,Fresno
6,64,0.2,0.001,6,2,1.378117816382465,1.1117603960291675,-0.2663574203532974,0.4678749007478738,1.2611728899944863,0.3709839503051158,Fresno
6,16,0.4,0.0001,4,2,2.752382229009009,1.11298856310245,-1.639393665906559,0.2400075218371456,1.2611728899944863,0.1903050118990386,Fresno
6,32,0.1,0.0001,4,2,2.119603075830965,1.113460562207617,-1.0061425136233482,0.4197369646904326,1.2611728899944863,0.3328147695057634,Fresno
6,16,0.0,0.0005,6,2,1.536200949557902,1.113761593168028,-0.4224393563898738,0.3385077811520092,1.2611728899944863,0.2684071183559052,Fresno
6,32,0.1,0.0005,6,1,1.4456327230125072,1.1143586421214886,-0.3312740808910186,0.3420376737519854,1.2611728899944863,0.2712060150242214,Fresno
6,8,0.1,0.0005,4,2,1.8982149930679963,1.1145392965916656,-0.7836756964763307,0.3847554929231421,1.2611728899944863,0.3050775163148521,Fresno
6,64,0.1,0.005,8,1,1.7120114145025491,1.1147432270044326,-0.5972681874981167,0.4651866720549336,1.2611728899944863,0.3688524196369042,Fresno
6,8,0.1,0.0001,8,1,3.206729792477456,1.1149709116621598,-2.091758880815296,0.2542569579075249,1.2611728899944863,0.201603570711575,Fresno
6,64,0.1,0.0005,6,2,1.2122119210504576,1.115661655693194,-0.0965502653572636,0.3090141196387985,1.2611728899944863,0.2450212196046725,Fresno
6,32,0.3,0.0001,4,2,2.0100938375316484,1.1178492453106996,-0.8922445922209488,0.4128735849863379,1.2611728899944863,0.3273727085809328,Fresno
6,64,0.1,0.001,8,2,1.782783902976843,1.118593782087011,-0.6641901208898318,0.4505783966013905,1.2611728899944863,0.3572693325205874,Fresno
6,32,0.4,0.005,4,2,1.3140696182961016,1.119830114748241,-0.1942395035478605,0.2075204067036551,1.2611728899944863,0.1645455657586822,Fresno
6,8,0.3,0.0005,6,2,1.9315430771512032,1.119859899881776,-0.8116831772694273,0.3381878916111272,1.2611728899944863,0.2681534738766908,Fresno
6,32,0.3,0.005,6,1,0.626439556544843,1.1207593790677957,0.4943198225229527,0.4474809202017122,1.2611728899944863,0.3548133041487027,Fresno
6,16,0.1,0.0005,8,1,1.5009090204953426,1.1215314044627538,-0.3793776160325888,0.3504063987507554,1.2611728899944863,0.2778416833494472,Fresno
6,16,0.4,0.0005,6,2,1.5994250363141551,1.121856061099832,-0.4775689752143233,0.4019681804352998,1.2611728899944863,0.3187256748256435,Fresno
6,32,0.1,0.005,4,1,0.4517586309451039,1.1224688537552403,0.6707102228101367,0.3669767013128731,1.2611728899944863,0.2909804866757621,Fresno
6,8,0.3,0.0001,4,2,3.0269304486867497,1.1229243726814,-1.9040060760053497,0.5696352254568573,1.2611728899944863,0.4516710040122632,Fresno
6,64,0.1,0.0005,6,1,1.6506353675500258,1.1229892651877884,-0.5276461023622374,0.2524067350835442,1.2611728899944863,0.2001365055386242,Fresno
6,32,0.2,0.005,8,2,0.7176725985583636,1.1248450649803878,0.4071724664220242,0.3909345631167787,1.2611728899944863,0.3099769795388543,Fresno
6,16,0.3,0.001,8,1,1.4572591605539416,1.1250991494136715,-0.3321600111402698,0.2166844058932872,1.2611728899944863,0.1718118170889595,Fresno
6,64,0.1,0.005,4,2,0.5647433020765343,1.1256101514700398,0.5608668493935055,0.3186240311909934,1.2611728899944863,0.2526410405098276,Fresno
6,32,0.3,0.001,4,1,1.004469925250159,1.1268095402256937,0.1223396149755347,0.350792190423529,1.2611728899944863,0.2781475824659239,Fresno
6,32,0.2,0.001,8,1,1.3659595770264956,1.1270668166976008,-0.2388927603288948,0.268036248207595,1.2611728899944863,0.2125293449724936,Fresno
6,64,0.4,0.0005,8,1,1.4166324760344926,1.1274132140864366,-0.289219261948056,0.3810960866386871,1.2611728899944863,0.3021759266014299,Fresno
6,16,0.4,0.005,4,2,1.102641982095667,1.1282846626412235,0.0256426805455565,0.3713476204478288,1.2611728899944863,0.2944462439637854,Fresno
6,16,0.1,0.0005,4,1,1.4440830233133397,1.1282897923467112,-0.3157932309666282,0.5063528546829279,1.2611728899944863,0.4014936086083657,Fresno
6,8,0.3,0.005,8,2,0.8511013304282694,1.130032933969342,0.2789316035410726,0.1933135205795572,1.2611728899944863,0.1532807453388903,Fresno
6,64,0.4,0.0005,6,2,1.378727266980344,1.130064355761096,-0.2486629112192482,0.3022186440892702,1.2611728899944863,0.2396330007463064,Fresno
6,16,0.1,0.0001,4,2,2.7528014239513103,1.1308320528747349,-1.6219693710765757,0.243434735361614,1.2611728899944863,0.193022493024472,Fresno
6,16,0.1,0.005,6,1,0.6814021123653919,1.130939808203454,0.4495376958380621,0.231305846422845,1.2611728899944863,0.1834053429612305,Fresno
6,32,0.0,0.0005,4,1,1.1072716925837132,1.1313053278413256,0.0240336352576124,0.5665349137311483,1.2611728899944863,0.4492127274743632,Fresno
6,64,0.0,0.0005,8,2,1.3801806239702537,1.1314983108078165,-0.2486823131624373,0.263621008862655,1.2611728899944863,0.2090284456271554,Fresno
6,8,0.0,0.001,6,2,1.3688245785355482,1.134272210221715,-0.234552368313833,0.39831608440906,1.2611728899944863,0.3158298815087925,Fresno
6,8,0.3,0.001,4,1,1.5561045273789833,1.1351661150063512,-0.4209384123726321,0.3471690788481248,1.2611728899944863,0.2752747712882114,Fresno
6,32,0.0,0.0005,6,2,1.3566555426090594,1.1357264890281906,-0.2209290535808687,0.3057757411079979,1.2611728899944863,0.2424534681437171,Fresno
6,16,0.1,0.001,4,2,1.2689556115826566,1.1359078316192095,-0.1330477799634468,0.2116823060368405,1.2611728899944863,0.1678455885915578,Fresno
6,16,0.0,0.0001,6,1,2.5853707005319904,1.136698085859203,-1.4486726146727873,0.1101765278212294,1.2611728899944863,0.0873603680314687,Fresno
6,32,0.1,0.0005,8,2,1.4113114128454674,1.1374576977766575,-0.2738537150688096,0.427612159013034,1.2611728899944863,0.3390591110905527,Fresno
6,64,0.4,0.0005,6,1,1.550331911571089,1.1379629409779357,-0.4123689705931532,0.3059666173926093,1.2611728899944863,0.2426048163737066,Fresno
6,8,0.4,0.005,4,1,1.3796046379254865,1.1394968025422438,-0.2401078353832426,0.2300123048118242,1.2611728899944863,0.1823796773912812,Fresno
6,8,0.3,0.001,6,1,1.4127612925392612,1.14027223716321,-0.272489055376051,0.3371651993729092,1.2611728899944863,0.2673425682139292,Fresno
6,64,0.3,0.0005,6,2,1.670516961739955,1.140347379121725,-0.53016958261823,0.2778987727396952,1.2611728899944863,0.2203494659173257,Fresno
6,8,0.4,0.0005,4,2,2.22241111156783,1.140478744304637,-1.0819323672631933,0.3649246971404807,1.2611728899944863,0.2893534265092521,Fresno
6,64,0.4,0.005,4,1,1.235897257141353,1.1406849250417803,-0.0952123320995723,0.4315812218485105,1.2611728899944863,0.3422062314155811,Fresno
6,16,0.4,0.005,6,2,1.4999730747363438,1.1408851356180274,-0.3590879391183164,0.2495916910601186,1.2611728899944863,0.1979044213844541,Fresno
6,8,0.2,0.0001,6,1,2.9180826836620617,1.1445686197622085,-1.7735140638998534,0.1687592256066355,1.2611728899944863,0.133811333042033,Fresno
6,8,0.4,0.0001,6,1,3.3796642214354824,1.1449538515419602,-2.2347103698935222,0.2435219537200489,1.2611728899944863,0.1930916495684533,Fresno
6,32,0.3,0.0005,4,1,1.444399181156945,1.1463158622634322,-0.2980833188935128,0.2628939346762399,1.2611728899944863,0.2084519392716959,Fresno
6,64,0.3,0.0001,6,2,1.9341523737903297,1.1463680252277355,-0.7877843485625942,0.5281843358146091,1.2611728899944863,0.4188040672337305,Fresno
6,32,0.4,0.001,6,1,1.3696983467577322,1.146400258523167,-0.2232980882345652,0.472312927349949,1.2611728899944863,0.3745029179560098,Fresno
6,16,0.2,0.0005,4,2,1.4117152566788245,1.147461368756436,-0.2642538879223883,0.2272680714336983,1.2611728899944863,0.1802037398969873,Fresno
6,32,0.2,0.005,4,1,0.5597513166321877,1.147542320211272,0.5877910035790843,0.3488116677872652,1.2611728899944863,0.276577200917148,Fresno
6,32,0.1,0.005,8,2,0.665460332061528,1.1482170721766385,0.4827567401151102,0.4735868910044903,1.2611728899944863,0.3755130599156478,Fresno
6,32,0.0,0.001,8,1,1.0740373185537042,1.1483793663891897,0.0743420478354852,0.2516445669119239,1.2611728899944863,0.1995321727166399,Fresno
6,32,0.0,0.0005,6,1,1.3027082028695969,1.1497202579556411,-0.1529879449139557,0.2897953558815181,1.2611728899944863,0.2297824177641378,Fresno
6,8,0.0,0.001,6,1,1.3719079036700017,1.150858176959037,-0.2210497267109648,0.3757827838982173,1.2611728899944863,0.2979629413853481,Fresno
6,16,0.4,0.0005,8,2,1.8767658421101596,1.151107032431039,-0.7256588096791203,0.4919337286678511,1.2611728899944863,0.390060500483801,Fresno
6,8,0.0,0.0005,4,1,1.495955333856531,1.1517158437015371,-0.3442394901549936,0.2163136189939317,1.2611728899944863,0.1715178154478704,Fresno
6,16,0.1,0.005,4,1,0.6060063632301416,1.1519607143819857,0.5459543511518441,0.3299632247753151,1.2611728899944863,0.2616320310982562,Fresno
6,64,0.1,0.0001,6,2,1.83429271831126,1.1532058800563851,-0.6810868382548747,0.5873635173699613,1.2611728899944863,0.4657279918001798,Fresno
6,8,0.0,0.0005,4,2,1.587893199612824,1.153883172531624,-0.4340100270812002,0.2942074054340576,1.2611728899944863,0.2332807878825747,Fresno
6,16,0.0,0.005,4,2,0.9029169712731482,1.154763102256297,0.2518461309831488,0.3138607796616389,1.2611728899944863,0.2488641978840911,Fresno
6,64,0.3,0.0001,6,1,1.980077743990569,1.1548280879753186,-0.8252496560152505,0.4394787404296946,1.2611728899944863,0.3484682741884944,Fresno
6,32,0.4,0.001,8,1,1.305709586028716,1.1548378290438317,-0.1508717569848843,0.4824977242863277,1.2611728899944863,0.3825785727827031,Fresno
6,64,0.2,0.005,4,1,1.078459418805274,1.1550197090900352,0.0765602902847613,0.3658855425799436,1.2611728899944863,0.2901152930598938,Fresno
6,32,0.4,0.0005,8,1,1.5770900539816224,1.156640494948994,-0.4204495590326285,0.3343405446011054,1.2611728899944863,0.265102863575324,Fresno
6,16,0.2,0.001,8,1,1.5098242915401978,1.156741776118827,-0.3530825154213708,0.3130221410570247,1.2611728899944863,0.2481992306846947,Fresno
6,8,0.4,0.001,6,1,1.4873764960496347,1.157098886205269,-0.3302776098443658,0.1920129957867391,1.2611728899944863,0.1522495427154151,Fresno
6,16,0.0,0.0005,4,2,1.3202789527204235,1.1571205049399362,-0.1631584477804875,0.2921167699966736,1.2611728899944863,0.2316230964954778,Fresno
6,16,0.4,0.001,8,1,1.576570234507021,1.157168805727384,-0.4194014287796368,0.21120042877591,1.2611728899944863,0.1674635019920491,Fresno
6,64,0.2,0.0005,8,2,1.4040516258842646,1.1571826168260635,-0.246869009058201,0.3953957817369327,1.2611728899944863,0.3135143364353965,Fresno
6,16,0.4,0.005,6,1,0.746323729789608,1.1573867534775315,0.4110630236879237,0.2433269815321057,1.2611728899944863,0.1929370536446985,Fresno
6,64,0.0,0.005,8,2,0.6519570741544272,1.157475384889738,0.505518310735311,0.4062448164063998,1.2611728899944863,0.322116673795752,Fresno
6,32,0.2,0.005,6,1,1.2761368693217867,1.1592034217801337,-0.116933447541653,0.3032602617310998,1.2611728899944863,0.2404589126019237,Fresno
6,8,0.2,0.001,4,2,1.3475536704398676,1.1600061448477783,-0.1875475255920893,0.0948045264106876,1.2611728899944863,0.0751717129053591,Fresno
6,8,0.1,0.001,4,2,1.3393230323655956,1.1601099952476188,-0.1792130371179767,0.2701956742618524,1.2611728899944863,0.2142415813132754,Fresno
6,8,0.0,0.0001,8,2,2.8263247695357223,1.1607156088607125,-1.66560916067501,0.1202396069575264,1.2611728899944863,0.0953395112687936,Fresno
6,16,0.0,0.005,6,2,0.7573062880815428,1.1629091565518432,0.4056028684703004,0.3061789600002615,1.2611728899944863,0.2427731855238341,Fresno
6,16,0.1,0.001,6,2,1.2882643686968815,1.16318031523039,-0.1250840534664916,0.3937674095366695,1.2611728899944863,0.3122231794392527,Fresno
6,16,0.2,0.0001,8,2,3.0359581314059696,1.164633997956296,-1.8713241334496733,0.3527230499741733,1.2611728899944863,0.279678585523445,Fresno
6,32,0.1,0.0005,4,1,1.2724919444110108,1.16683785492323,-0.1056540894877808,0.1821200479848242,1.2611728899944863,0.1444052987736046,Fresno
6,64,0.1,0.0005,4,2,0.9909447907257254,1.1676196305567588,0.1766748398310333,0.4807314591502306,1.2611728899944863,0.3811780787266464,Fresno
6,32,0.4,0.005,6,1,1.7374299634080876,1.168639493418551,-0.568790469989537,0.179117433515006,1.2611728899944863,0.1420244876305492,Fresno
6,64,0.2,0.0005,6,1,1.1717342651470044,1.168889412971689,-0.0028448521753154,0.6640499981479182,1.2611728899944863,0.5265336762438821,Fresno
6,16,0.1,0.0005,6,2,1.387511894134079,1.1702153827277213,-0.2172965114063576,0.1838318431677993,1.2611728899944863,0.1457626029121217,Fresno
6,64,0.3,0.0001,4,2,1.805201699250636,1.170516287677576,-0.6346854115730598,0.5065072938855871,1.2611728899944863,0.4016160654133641,Fresno
6,64,0.3,0.0001,8,1,2.109335330696285,1.1710895068338116,-0.9382458238624736,0.4075531513437144,1.2611728899944863,0.3231540691819788,Fresno
6,64,0.0,0.001,4,2,1.3587217543462666,1.171219717164523,-0.1875020371817435,0.4839100606602526,1.2611728899944863,0.3836984322287233,Fresno
6,16,0.2,0.0005,8,1,1.858618680960364,1.1712241278685451,-0.6873945530918186,0.5621146979072162,1.2611728899944863,0.4457078822156363,Fresno
6,64,0.4,0.005,8,2,0.7241365615607759,1.1715097162508517,0.4473731546900757,0.4307127524998563,1.2611728899944863,0.3415176110404175,Fresno
6,64,0.4,0.0001,4,2,1.9081643555137904,1.1718426548228429,-0.7363217006909473,0.513761483069251,1.2611728899944863,0.4073680041374002,Fresno
6,64,0.0,0.001,6,1,1.6283040386936856,1.1729368182343105,-0.455367220459375,0.5560364698237952,1.2611728899944863,0.440888377981409,Fresno
6,32,0.2,0.005,6,2,1.1772209831465346,1.174687830267552,-0.0025331528789824,0.3504342040480744,1.2611728899944863,0.2778637305227885,Fresno
6,64,0.2,0.005,8,1,0.5677108476849638,1.1758431215313148,0.6081322738463509,0.4279710916399072,1.2611728899944863,0.3393437133284542,Fresno
6,16,0.3,0.0005,4,2,1.4252515966604724,1.1761005661279569,-0.2491510305325155,0.343415889623422,1.2611728899944863,0.2722988198905254,Fresno
6,16,0.3,0.005,4,2,0.7868891636431549,1.176409275697568,0.3895201120544133,0.2643893335928862,1.2611728899944863,0.2096376600626437,Fresno
6,32,0.3,0.005,8,2,1.1413676959730756,1.176719496211197,0.0353518002381214,0.3396769937938173,1.2611728899944863,0.2693342019073232,Fresno
6,64,0.3,0.0001,4,1,1.7831301919470457,1.176853608250393,-0.6062765836966524,0.480886731975243,1.2611728899944863,0.3813011965213947,Fresno
6,64,0.2,0.001,8,1,1.6861659733769094,1.1770505204997954,-0.509115452877114,0.4951911107497688,1.2611728899944863,0.3926433201017615,Fresno
6,32,0.4,0.0001,4,1,1.9931723334927596,1.1773094326793316,-0.8158629008134277,0.5805307891220082,1.2611728899944863,0.460310234804164,Fresno
6,64,0.3,0.0005,8,2,1.5834340641629965,1.1777453080604885,-0.405688756102508,0.2727997401348421,1.2611728899944863,0.216306378212772,Fresno
6,8,0.3,0.005,6,1,0.9986016228391577,1.1786968384443737,0.1800952156052161,0.1536933299052537,1.2611728899944863,0.1218653930199258,Fresno
6,16,0.2,0.001,6,2,1.420267341249242,1.178746791423184,-0.2415205498260579,0.2941025461704519,1.2611728899944863,0.2331976436408633,Fresno
6,16,0.4,0.001,8,2,1.4360566806402222,1.1804688572848214,-0.2555878233554007,0.1873227197145132,1.2611728899944863,0.1485305632563447,Fresno
6,8,0.2,0.005,6,1,0.734387654610475,1.180505629648848,0.4461179750383729,0.2500806221101746,1.2611728899944863,0.1982921010229358,Fresno
6,64,0.0,0.005,6,1,1.0733822627898648,1.1816283414572746,0.1082460786674097,0.401299803311966,1.2611728899944863,0.31819571011689,Fresno
6,8,0.1,0.001,6,1,1.2769745106942354,1.1820218455220255,-0.0949526651722096,0.1934004467786834,1.2611728899944863,0.1533496702260456,Fresno
6,8,0.2,0.0001,6,2,2.8454175742771657,1.1827673880348186,-1.662650186242347,0.1427138728070185,1.2611728899944863,0.1131596420595771,Fresno
6,16,0.2,0.005,6,2,0.6583955975412837,1.1829438025520675,0.5245482050107838,0.2239224362473427,1.2611728899944863,0.1775509432717996,Fresno
6,64,0.4,0.001,8,2,1.908066186970416,1.1849432516102534,-0.7231229353601625,0.3268770678857379,1.2611728899944863,0.2591849781096761,Fresno
6,64,0.1,0.005,6,2,0.9897411233471756,1.185251576834449,0.1955104534872732,0.3543325508754417,1.2611728899944863,0.2809547792269708,Fresno
6,32,0.0,0.005,6,1,1.4644733415140192,1.1855888323286696,-0.2788845091853495,0.5945681669580762,1.2611728899944863,0.4714406499498063,Fresno
6,32,0.1,0.005,6,1,0.8093476281099032,1.18561785487769,0.3762702267677869,0.3220049339187572,1.2611728899944863,0.2553218012164572,Fresno
6,64,0.1,0.005,8,2,1.113902784051907,1.186891604131057,0.0729888200791504,0.3861407549029129,1.2611728899944863,0.3061759081299322,Fresno
6,8,0.1,0.005,4,1,0.5896786227580878,1.188137539368406,0.5984589166103181,0.2988714510210276,1.2611728899944863,0.236978968856787,Fresno
6,64,0.0,0.0001,8,2,2.068351202487287,1.188537501595304,-0.8798137008919833,0.4450726613184901,1.2611728899944863,0.3529037650979287,Fresno
6,16,0.1,0.001,8,2,1.4362348590187175,1.1905354113329134,-0.2456994476858043,0.2142244164257672,1.2611728899944863,0.1698612602009735,Fresno
6,64,0.2,0.0005,4,2,1.0145945176687343,1.191372227001304,0.1767777093325695,0.4944623808821642,1.2611728899944863,0.3920655009356615,Fresno
6,16,0.0,0.0005,4,1,1.3448291834149977,1.19284808231211,-0.1519811011028875,0.2185326810341386,1.2611728899944863,0.1732773379192237,Fresno
6,64,0.0,0.0001,8,1,1.9809656607038453,1.1932074055063795,-0.787758255197466,0.456081449689405,1.2611728899944863,0.3616327731968603,Fresno
6,64,0.0,0.001,6,2,1.5798443859613267,1.1953185049730612,-0.3845258809882654,0.524078716876256,1.2611728899944863,0.4155486698406172,Fresno
6,64,0.0,0.0001,6,1,1.9617432487726003,1.196190564001509,-0.7655526847710914,0.4532825831356029,1.2611728899944863,0.3594135163637909,Fresno
6,16,0.3,0.0005,6,1,1.658097172311829,1.1971738295115315,-0.4609233428002974,0.4482921244465461,1.2611728899944863,0.3554565182958428,Fresno
6,64,0.3,0.0005,8,1,1.4827885024955767,1.1977618037804567,-0.28502669871512,0.3117297043808232,1.2611728899944863,0.2471744412315951,Fresno
6,16,0.0,0.001,8,1,1.3568728810127473,1.1979632048066724,-0.1589096762060748,0.2519813454144813,1.2611728899944863,0.1997992086680383,Fresno
6,32,0.2,0.0005,4,2,1.5652741212483507,1.199003220822911,-0.3662709004254396,0.2053815069865401,1.2611728899944863,0.1628496050112828,Fresno
6,32,0.0,0.001,8,2,1.27496386901598,1.2002384891462377,-0.0747253798697424,0.3673784618099918,1.2611728899944863,0.2912990476758487,Fresno
6,32,0.1,0.001,8,1,1.3631452109990505,1.2004947909323842,-0.1626504200666663,0.2933690559340411,1.2611728899944863,0.2326160499178853,Fresno
6,8,0.4,0.005,8,1,1.8127887050884892,1.2008229576921394,-0.61196574739635,0.1424947437246657,1.2611728899944863,0.1129858918274787,Fresno
6,64,0.4,0.0001,8,1,2.051478756810935,1.201858208316119,-0.8496205484948165,0.4068802367940573,1.2611728899944863,0.3226205066902731,Fresno
6,16,0.1,0.005,8,2,0.949336023537268,1.2018587640041007,0.2525227404668326,0.6034924801609164,1.2611728899944863,0.478516851217405,Fresno
6,16,0.2,0.0005,6,1,1.5853390115517714,1.201945014398348,-0.3833939971534235,0.4013056378143692,1.2611728899944863,0.3182003363679373,Fresno
6,64,0.4,0.0001,6,2,1.9358163977639151,1.2028194906383196,-0.7329969071255955,0.3821348532986849,1.2611728899944863,0.3029995778773484,Fresno
6,32,0.2,0.0001,4,1,2.0665822173335857,1.2033623166897394,-0.8632199006438463,0.4590906968051835,1.2611728899944863,0.364018843449125,Fresno
6,8,0.0,0.0005,8,2,2.0960638697711573,1.20405849780634,-0.8920053719648173,0.3950792656268194,1.2611728899944863,0.3132633667922774,Fresno
6,16,0.1,0.0005,6,1,1.7114835973631766,1.204788169721411,-0.5066954276417657,0.3349892682139843,1.2611728899944863,0.2656172447660596,Fresno
6,64,0.2,0.0001,8,2,2.057722368571078,1.2062039901604125,-0.8515183784106657,0.4411700440429477,1.2611728899944863,0.3498093303011583,Fresno
6,32,0.2,0.0001,4,2,2.222743089967603,1.2065582141610582,-1.0161848758065448,0.3314659071964547,1.2611728899944863,0.2628235270724094,Fresno
6,32,0.1,0.005,8,1,0.5183927201382369,1.2074848803035894,0.6890921601653525,0.3863108604732633,1.2611728899944863,0.3063107869968186,Fresno
6,8,0.3,0.0001,8,1,3.203817918712148,1.2079633346503436,-1.995854584061804,0.0405566363912706,1.2611728899944863,0.0321578720197893,Fresno
6,8,0.3,0.005,4,1,1.339060698319559,1.2080749186310835,-0.1309857796884754,0.5167677286102617,1.2611728899944863,0.4097516944029147,Fresno
6,64,0.2,0.005,6,2,1.3826213071717592,1.208269804694659,-0.1743515024771003,0.4010752768100052,1.2611728899944863,0.318017680202243,Fresno
6,16,0.2,0.0001,4,2,2.4419685539396285,1.2104438672507083,-1.23152468668892,0.2350602164454733,1.2611728899944863,0.1863822306285865,Fresno
6,32,0.1,0.0005,8,1,1.395078566771304,1.2109111605204252,-0.1841674062508786,0.4152859097492789,1.2611728899944863,0.3292854715193683,Fresno
6,32,0.2,0.0005,8,1,1.4831911777251685,1.2114916576749686,-0.2716995200501999,0.3415858775378166,1.2611728899944863,0.2708477800686867,Fresno
6,64,0.3,0.001,4,2,1.2148276067547286,1.2122885064043976,-0.002539100350331,0.8222113091536563,1.2611728899944863,0.6519417882168802,Fresno
6,8,0.2,0.005,4,1,0.6379769963610602,1.212338687929666,0.5743616915686058,0.2741468140231564,1.2611728899944863,0.217374490205189,Fresno
6,16,0.1,0.0001,8,1,3.034272516213121,1.2123659334875174,-1.821906582725604,0.3110880365187237,1.2611728899944863,0.2466656546352528,Fresno
6,8,0.4,0.0005,4,1,2.104898073898604,1.212600646071727,-0.8922974278268769,0.367613950818995,1.2611728899944863,0.2914857699015415,Fresno
6,16,0.3,0.0005,8,2,1.8398099776222148,1.2132773284590863,-0.6265326491631282,0.3491340537594552,1.2611728899944863,0.2768328248484484,Fresno
6,8,0.4,0.001,4,2,1.813219668124792,1.2141119687190016,-0.5991076994057905,0.2493664910116436,1.2611728899944863,0.1977258574062227,Fresno
6,8,0.4,0.0005,8,2,2.1176855157064467,1.2148559881080343,-0.9028295275984122,0.2079914685257579,1.2611728899944863,0.1649190766594001,Fresno
6,64,0.2,0.0001,6,1,1.8562545357692324,1.2149569758509955,-0.6412975599182367,0.4734999920585897,1.2611728899944863,0.3754441566379212,Fresno
6,8,0.1,0.0005,6,1,2.1439855523521305,1.217668858693545,-0.9263166936585856,0.4798492533745148,1.2611728899944863,0.380478566564028,Fresno
6,64,0.3,0.005,8,1,0.6955717791506931,1.2207606631373835,0.5251888839866904,0.4657500118128024,1.2611728899944863,0.3692990988847204,Fresno
6,8,0.0,0.0005,8,1,1.873878492905228,1.220935520690118,-0.6529429722151099,0.5460773063327681,1.2611728899944863,0.4329916307788343,Fresno
6,8,0.3,0.005,6,2,0.9684316918438686,1.2213055175136882,0.2528738256698196,0.2048634431035559,1.2611728899944863,0.162438825579617,Fresno
6,16,0.2,0.0005,8,2,1.92577650973457,1.2221153725752965,-0.7036611371592736,0.4870667544217167,1.2611728899944863,0.3862014147987641,Fresno
6,32,0.0,0.0005,8,1,1.4059738166040117,1.2253332155559689,-0.1806406010480428,0.3271962892096372,1.2611728899944863,0.2594380927511593,Fresno
6,16,0.4,0.005,4,1,0.7182727498324475,1.225532692315013,0.5072599424825655,0.1657284566274854,1.2611728899944863,0.1314081978309968,Fresno
6,16,0.0,0.0005,8,2,1.5212395062886257,1.2270481476665405,-0.294191358622085,0.2046790832389876,1.2611728899944863,0.1622926443018311,Fresno
6,16,0.3,0.001,8,2,1.494146463909357,1.228192361220112,-0.2659541026892449,0.1991056308875423,1.2611728899944863,0.15787338315559,Fresno
6,16,0.3,0.001,4,1,1.2202333329598498,1.2286798762104496,0.0084465432505997,0.4251240263178736,1.2611728899944863,0.3370862390799822,Fresno
6,64,0.0,0.0001,4,2,1.6454523717731968,1.2302163586781936,-0.4152360130950032,0.3956066425798298,1.2611728899944863,0.3136815306754328,Fresno
6,8,0.4,0.0005,6,2,2.1412076091759507,1.2314694824806522,-0.9097381266952984,0.3328860932903241,1.2611728899944863,0.2639496106610565,Fresno
6,16,0.1,0.0005,8,2,1.6040013811730125,1.2320885824625665,-0.3719127987104458,0.4253894990933139,1.2611728899944863,0.3372967358148442,Fresno
6,64,0.4,0.0001,4,1,1.7770614284171535,1.232155607008677,-0.5449058214084765,0.4977369589261171,1.2611728899944863,0.3946619554502897,Fresno
6,64,0.0,0.005,4,1,0.3320755833750786,1.2341760928244565,0.902100509449378,0.3826235882764107,1.2611728899944863,0.3033871020475895,Fresno
6,16,0.1,0.001,8,1,1.389227139429044,1.2363149816666965,-0.1529121577623475,0.1295448154899075,1.2611728899944863,0.1027177292801416,Fresno
6,16,0.3,0.0005,8,1,1.6548770810986695,1.2379846729911586,-0.4168924081075109,0.3255227121165451,1.2611728899944863,0.2581110922214386,Fresno
6,8,0.1,0.005,8,2,0.8293382503147,1.2382577567330315,0.4089195064183315,0.4911936284897561,1.2611728899944863,0.3894736656541225,Fresno
6,8,0.2,0.0001,8,2,2.883577966627709,1.2387518946184397,-1.6448260720092691,0.095604542063086,1.2611728899944863,0.075806055475474,Fresno
6,16,0.2,0.0005,6,2,1.53717615556093,1.2400139800898584,-0.2971621754710716,0.158921632300215,1.2611728899944863,0.1260109803826419,Fresno
6,64,0.1,0.0001,6,1,1.8635703422122765,1.2412070310547465,-0.62236331115753,0.379230062996341,1.2611728899944863,0.3006963327589438,Fresno
6,8,0.2,0.0005,4,2,1.837667660650406,1.2418995619872168,-0.5957680986631892,0.4731102607413289,1.2611728899944863,0.3751351337273014,Fresno
6,32,0.2,0.0005,8,2,1.4153949328089572,1.245928384535091,-0.1694665482738662,0.3179066825990747,1.2611728899944863,0.2520722457017487,Fresno
6,8,0.0,0.0005,6,1,1.6348346695316758,1.246071168023055,-0.3887635015086208,0.4565762356608,1.2611728899944863,0.3620250952768228,Fresno
6,64,0.3,0.0005,4,2,1.0455536918699029,1.2473282320451076,0.2017745401752047,0.6544419623485901,1.2611728899944863,0.5189153426469951,Fresno
6,8,0.0,0.0001,8,1,3.188993625588587,1.2479770416697291,-1.9410165839188576,0.2333768726163576,1.2611728899944863,0.1850474859298457,Fresno
6,16,0.2,0.005,8,1,0.7020665399396693,1.2488286812176246,0.5467621412779553,0.3478280006826868,1.2611728899944863,0.2757972387784259,Fresno
6,16,0.2,0.005,6,1,1.3283511352366495,1.2494572388933949,-0.0788938963432548,0.2336538042018171,1.2611728899944863,0.1852670685006864,Fresno
6,16,0.3,0.0001,8,2,2.947181842922864,1.2502582514758969,-1.6969235914469667,0.1531226838279293,1.2611728899944863,0.121412920498631,Fresno
6,8,0.2,0.0001,8,1,3.1292055317084824,1.2508913462158435,-1.8783141854926388,0.15177821114723,1.2611728899944863,0.1203468710367645,Fresno
6,64,0.2,0.0001,4,2,1.857372335282592,1.2509706620986965,-0.6064016731838955,0.476582169016861,1.2611728899944863,0.377888053888428,Fresno
6,8,0.2,0.001,6,1,1.42166714101992,1.251072932918445,-0.170594208101475,0.102207400982473,1.2611728899944863,0.0810415461617794,Fresno
6,64,0.4,0.0005,4,2,0.997853960546534,1.251588569693307,0.253734609146773,0.644846047213909,1.2611728899944863,0.511306619679026,Fresno
6,64,0.2,0.0005,4,1,1.4520964220316808,1.2521542601658016,-0.1999421618658792,0.6698993736325706,1.2611728899944863,0.5311717203463667,Fresno
6,32,0.0,0.005,8,2,0.5371333415542962,1.252372320548637,0.7152389789943409,0.5263909741940835,1.2611728899944863,0.4173820880310746,Fresno
6,32,0.0,0.0005,8,2,1.3969902550608615,1.2559058787624504,-0.1410843762984113,0.4784621849318263,1.2611728899944863,0.3793787423815604,Fresno
6,8,0.4,0.005,6,1,0.8765212519215786,1.2593136244094096,0.382792372487831,0.2313349552808767,1.2611728899944863,0.1834284237444146,Fresno
6,64,0.4,0.0001,6,1,2.0510343298837874,1.2593723207702805,-0.7916620091135069,0.5118495501162419,1.2611728899944863,0.4058520082194912,Fresno
6,8,0.3,0.0005,4,1,1.852643741401124,1.2603779841567626,-0.592265757244361,0.350706394004747,1.2611728899944863,0.2780795533959505,Fresno
6,8,0.1,0.005,6,2,0.9050404802430668,1.2617824222081324,0.3567419419650657,0.6857886649426354,1.2611728899944863,0.543770541202827,Fresno
6,8,0.2,0.0005,8,1,2.175303862480339,1.2623019086862612,-0.913001953794078,0.2341993202282196,1.2611728899944863,0.1856996150854808,Fresno
6,64,0.2,0.0001,6,2,1.8808186523035304,1.26271166656233,-0.6181069857412007,0.5208612460487699,1.2611728899944863,0.4129974963631251,Fresno
6,8,0.1,0.0005,6,2,2.0960122308925584,1.2631876735314842,-0.8328245573610742,0.156102058037442,1.2611728899944863,0.1237753041441641,Fresno
6,8,0.4,0.005,6,2,1.1105322732947724,1.2639391696886806,0.1534068963939081,0.2278807518254132,1.2611728899944863,0.1806895419599524,Fresno
6,64,0.0,0.005,6,2,0.9553147325302024,1.2641915780184787,0.3088768454882764,0.3288258972838925,1.2611728899944863,0.2607302296874856,Fresno
6,8,0.2,0.005,4,2,1.1925125184620704,1.264247364864966,0.0717348464028957,0.4148939937873608,1.2611728899944863,0.3289747163762572,Fresno
6,64,0.2,0.0001,4,1,1.7453632418356522,1.2643502119029089,-0.4810130299327433,0.5089269688452946,1.2611728899944863,0.4035346564161552,Fresno
6,8,0.1,0.005,8,1,1.5855639479251784,1.2645180984243407,-0.3210458495008377,0.1954329269128282,1.2611728899944863,0.1549612495346951,Fresno
6,64,0.0,0.005,4,2,0.3830899611313719,1.2646153665752933,0.8815254054439213,0.4821779934664376,1.2611728899944863,0.3823250541553787,Fresno
6,64,0.0,0.0001,4,1,1.7412459510796292,1.2648218597740433,-0.4764240913055859,0.4569895190597026,1.2611728899944863,0.3623527929320622,Fresno
6,64,0.0,0.0001,6,2,1.789014389088664,1.2701623415268215,-0.5188520475618426,0.3912917700691772,1.2611728899944863,0.3102602134675507,Fresno
6,32,0.0,0.005,4,2,0.443799552002363,1.270714357242675,0.8269148052403119,0.3358987212375632,1.2611728899944863,0.2663383616175191,Fresno
6,8,0.4,0.001,4,1,1.4762084587293034,1.2723866385787903,-0.2038218201505128,0.1883614160728674,1.2611728899944863,0.1493541587891973,Fresno
6,16,0.2,0.005,4,1,0.6734881073439819,1.2725616377198878,0.5990735303759059,0.3220749087172285,1.2611728899944863,0.2553772851227689,Fresno
6,16,0.4,0.0005,6,1,1.8308822821407904,1.272629928580827,-0.5582523535599637,0.48364593510866,1.2611728899944863,0.3834890037247584,Fresno
6,64,0.1,0.0001,4,2,1.7957065773284722,1.273947155714242,-0.5217594216142303,0.4550384937369851,1.2611728899944863,0.3608058001777808,Fresno
6,8,0.1,0.0005,8,1,2.168594250034127,1.2757767296929166,-0.8928175203412103,0.3498460371110828,1.2611728899944863,0.2773973654893678,Fresno
6,8,0.4,0.005,8,2,1.3244957501586023,1.2763631429581104,-0.0481326072004919,0.2154375826720695,1.2611728899944863,0.1708231951235578,Fresno
6,32,0.4,0.0005,8,2,1.5745956286138671,1.2772367191652678,-0.2973589094485993,0.254697062427223,1.2611728899944863,0.2019525351740922,Fresno
6,32,0.3,0.0005,8,2,1.5291663376370408,1.2804078107419614,-0.2487585268950793,0.3763398570439671,1.2611728899944863,0.298404651756836,Fresno
6,8,0.0,0.001,4,2,1.2832471542815342,1.2823410706571006,-0.0009060836244336,0.3382816757931591,1.2611728899944863,0.268227836545581,Fresno
6,64,0.4,0.001,6,2,1.0223287156512346,1.284761783691455,0.2624330680402207,0.5566692445969723,1.2611728899944863,0.4413901131346123,Fresno
6,32,0.0,0.005,4,1,1.2605305438788552,1.2873310502828743,0.026800506404019,0.4681102077926385,1.2611728899944863,0.3711705282490531,Fresno
6,16,0.2,0.001,4,1,1.240769238794898,1.2932163379525183,0.0524470991576202,0.3965791743355558,1.2611728899944863,0.314452663454643,Fresno
6,16,0.1,0.0001,6,2,2.8409909566373925,1.2940257057738245,-1.546965250863568,0.2725338346141594,1.2611728899944863,0.2160955383487119,Fresno
6,8,0.3,0.001,6,2,1.5056833913273902,1.2950178256404523,-0.2106655656869378,0.0936964486443048,1.2611728899944863,0.0742931039730123,Fresno
6,16,0.2,0.005,8,2,1.5581633798970578,1.2964141000112244,-0.2617492798858334,0.2028298766395851,1.2611728899944863,0.1608263849062532,Fresno
6,32,0.1,0.0001,4,1,1.8236964848107124,1.296872029050097,-0.5268244557606154,0.3548532355098289,1.2611728899944863,0.2813676366857047,Fresno
6,8,0.1,0.001,6,2,1.3582453075515428,1.297437708351934,-0.0608075991996088,0.1410221260572737,1.2611728899944863,0.1118182345783616,Fresno
6,8,0.1,0.0005,8,2,2.0399697412640845,1.300766850129975,-0.7392028911341095,0.2143339685598444,1.2611728899944863,0.1699481254792762,Fresno
6,16,0.0,0.005,4,1,0.4973883811918793,1.3009670926808632,0.8035787114889839,0.4701925910334,1.2611728899944863,0.3728216763646542,Fresno
6,8,0.3,0.0001,8,2,3.7348858578073454,1.3021520177005086,-2.4327338401068377,0.0446080117826689,1.2611728899944863,0.0353702590156881,Fresno
6,8,0.2,0.001,8,2,1.4368270846047122,1.3042213479857774,-0.1326057366189348,0.0683468415136913,1.2611728899944863,0.0541930785667222,Fresno
6,8,0.4,0.0001,6,2,2.9717773204354847,1.3045598069961588,-1.667217513439326,0.1951846319386495,1.2611728899944863,0.1547643732965928,Fresno
6,64,0.4,0.005,6,1,1.0548488069662685,1.3045962582602095,0.249747451293941,0.3717876174961275,1.2611728899944863,0.2947951232108651,Fresno
6,16,0.2,0.0005,4,1,1.4315330823676922,1.307095681171933,-0.1244374011957591,0.3300295803027066,1.2611728899944863,0.2616846452385679,Fresno
6,32,0.2,0.001,4,2,1.0192720509691848,1.307129053157457,0.2878570021882722,0.5956951127559142,1.2611728899944863,0.4723342195838974,Fresno
6,8,0.1,0.0001,8,2,3.1047042075391573,1.307926641774771,-1.7967775657643863,0.1650025929668379,1.2611728899944863,0.1308326513167907,Fresno
6,8,0.0,0.005,6,1,1.0348823603906825,1.3128484014964257,0.2779660411057432,0.2336296679279241,1.2611728899944863,0.1852479305426122,Fresno
6,8,0.1,0.005,6,1,0.9650615301454674,1.313627610750022,0.3485660806045546,0.2270713387773188,1.2611728899944863,0.1800477480754534,Fresno
6,16,0.3,0.005,8,1,1.2979620480795675,1.3158251579328393,0.0178631098532715,0.2438468955144004,1.2611728899944863,0.1933493000436018,Fresno
6,8,0.2,0.005,6,2,0.8702716707247122,1.3164912271670917,0.4462195564423794,0.3047867141739106,1.2611728899944863,0.2416692561281134,Fresno
6,8,0.1,0.0001,6,1,3.2668823464003696,1.3198783041452125,-1.947004042255157,0.0918689936348751,1.2611728899944863,0.0728440916893454,Fresno
6,32,0.3,0.0005,8,1,1.505289326043851,1.3200399972060797,-0.1852493288377712,0.3252475867423278,1.2611728899944863,0.2578929418184288,Fresno
6,16,0.3,0.0005,6,2,1.6306926299103492,1.3229774979761597,-0.3077151319341897,0.2395205557350088,1.2611728899944863,0.1899188902927147,Fresno
6,8,0.3,0.001,8,2,1.459865123891245,1.327708361668581,-0.132156762222664,0.1471279983058636,1.2611728899944863,0.116659658222202,Fresno
6,32,0.1,0.001,4,1,1.096930450833934,1.329577105313522,0.2326466544795877,0.5749740696856857,1.2611728899944863,0.4559042413988135,Fresno
6,32,0.0,0.001,6,2,1.016810474445378,1.3319190674627333,0.3151085930173551,0.6588065965976443,1.2611728899944863,0.5223761165691758,Fresno
6,16,0.0,0.005,6,1,0.7565474718821904,1.332128705224693,0.5755812333425027,0.4110263404974358,1.2611728899944863,0.3259080049676874,Fresno
6,16,0.3,0.0001,6,1,3.141181089413468,1.3334620265181636,-1.807719062895304,0.3432097440533544,1.2611728899944863,0.2721353644501944,Fresno
6,8,0.1,0.001,8,1,1.38118512871937,1.3336260795534365,-0.0475590491659336,0.2641174233872063,1.2611728899944863,0.2094220590075964,Fresno
6,64,0.3,0.005,8,2,1.0618680809263288,1.336886533481698,0.2750184525553691,0.5745588143730413,1.2611728899944863,0.4555749801881272,Fresno
6,64,0.1,0.0001,4,1,1.7674432327804013,1.3371201904480057,-0.4303230423323956,0.4259272905157529,1.2611728899944863,0.337723157463062,Fresno
6,8,0.3,0.0001,4,1,3.1084400002488763,1.338661623804078,-1.7697783764447983,0.3308933794995233,1.2611728899944863,0.2623695625910338,Fresno
6,8,0.2,0.0001,4,1,3.0675069432330457,1.339793824429774,-1.7277131188032715,0.2264917147061895,1.2611728899944863,0.1795881567888599,Fresno
6,8,0.3,0.0001,6,1,2.880955224229336,1.340625091804075,-1.5403301324252607,0.0873140959207629,1.2611728899944863,0.0692324554495812,Fresno
6,8,0.0,0.005,4,2,0.5637610692594179,1.341895983720823,0.7781349144614051,0.2597945244827535,1.2611728899944863,0.2059943775701437,Fresno
6,32,0.1,0.005,6,2,0.9633556861550668,1.3433315313839325,0.3799758452288657,0.4097984866009951,1.2611728899944863,0.3249344240207912,Fresno
6,16,0.4,0.0005,8,1,2.036222741561439,1.3472321369200382,-0.6889906046414007,0.3480774455762273,1.2611728899944863,0.2759950268021928,Fresno
6,64,0.0,0.005,8,1,0.4280632272533283,1.347812999172309,0.9197497719189806,0.4679340919855079,1.2611728899944863,0.3710308837891001,Fresno
6,32,0.0,0.005,8,1,1.5955913059182785,1.3501112767454857,-0.2454800291727927,0.2233140542857201,1.2611728899944863,0.1770685494886402,Fresno
6,8,0.4,0.0001,4,2,2.9528968305845544,1.3522994929294645,-1.6005973376550902,0.2163402061488686,1.2611728899944863,0.1715388967406478,Fresno
6,16,0.0,0.0005,8,1,1.427241618634255,1.354635490587087,-0.0726061280471679,0.2585555316514143,1.2611728899944863,0.205011964420314,Fresno
6,64,0.1,0.0001,8,2,1.9250446301810076,1.3571991008757884,-0.5678455293052189,0.4598265073767932,1.2611728899944863,0.3646022769953479,Fresno
6,32,0.2,0.005,4,2,1.0009165691908104,1.3704964723519637,0.3695799031611533,0.4145839937426089,1.2611728899944863,0.3287289134041102,Fresno
6,16,0.1,0.005,8,1,1.0754559005706334,1.3747877069677146,0.2993318063970811,0.4538717336057545,1.2611728899944863,0.3598806612531441,Fresno
6,16,0.4,0.0001,8,1,3.1063681964619367,1.3768848498854538,-1.729483346576483,0.2323387244950522,1.2611728899944863,0.1842243251011112,Fresno
6,64,0.3,0.0005,4,1,1.2225313332156789,1.3777564139331293,0.1552250807174504,0.5860291715383041,1.2611728899944863,0.4646699720455187,Fresno
6,8,0.2,0.001,8,1,1.817872517911388,1.3812378026117598,-0.4366347152996284,0.3598370741420461,1.2611728899944863,0.2853193856265172,Fresno
6,64,0.1,0.001,4,1,1.5527117960786982,1.3820109665314444,-0.1707008295472538,0.638287792901252,1.2611728899944863,0.5061064965518268,Fresno
6,8,0.4,0.001,8,2,1.6399546838433536,1.3827612365023103,-0.2571934473410431,0.0820992993000346,1.2611728899944863,0.0650975769867631,Fresno
6,8,0.3,0.001,8,1,1.799877344352875,1.385691189745674,-0.414186154607201,0.4349578925873402,1.2611728899944863,0.3448836365244433,Fresno
6,8,0.0,0.005,4,1,1.2569282997711149,1.3894916353772286,0.1325633356061137,0.2174223922656616,1.2611728899944863,0.172396975855239,Fresno
6,8,0.0,0.0001,4,2,2.8954530356750845,1.3902849221414406,-1.505168113533644,0.1180393991661653,1.2611728899944863,0.0935949385707786,Fresno
6,8,0.2,0.0005,8,2,1.7051403815312416,1.3946703235081943,-0.3104700580230473,0.0772328758329942,1.2611728899944863,0.0612389280214641,Fresno
6,16,0.2,0.005,4,2,0.761824023356626,1.3951143762017488,0.6332903528451228,0.5621980057997995,1.2611728899944863,0.4457739381015851,Fresno
6,8,0.4,0.0005,8,1,2.1058830877321872,1.4004674402035633,-0.705415647528624,0.1703951486241076,1.2611728899944863,0.1351084771770288,Fresno
6,16,0.0,0.005,8,1,0.5456411451381066,1.4018070427860263,0.85616589764792,0.8680842623669742,1.2611728899944863,0.6883150353563097,Fresno
6,8,0.1,0.0001,4,2,3.0217396801663385,1.4076566719004042,-1.6140830082659343,0.4278068802714758,1.2611728899944863,0.3392135080491193,Fresno
6,8,0.1,0.005,4,2,0.9050613590387504,1.4103314736964794,0.5052701146577289,0.3317052637557411,1.2611728899944863,0.2630133159278354,Fresno
6,8,0.0,0.001,8,2,1.3678178636364846,1.4106517710872,0.0428339074507153,0.1537117668831744,1.2611728899944863,0.1218800119338486,Fresno
6,64,0.1,0.001,4,2,0.9531577426711444,1.4209614475565435,0.4678037048853993,0.8213598699000901,1.2611728899944863,0.6512666712203755,Fresno
6,8,0.0,0.005,8,2,0.753983630003958,1.421561379392707,0.6675777493887494,0.4278570954400671,1.2611728899944863,0.3392533242939733,Fresno
6,8,0.2,0.005,8,1,1.1281257405536684,1.425051462467496,0.2969257219138275,0.2871619803197243,1.2611728899944863,0.2276943808401873,Fresno
6,32,0.0,0.005,6,2,1.0108592749256304,1.4471132371090258,0.4362539621833954,0.6366400717070136,1.2611728899944863,0.5047999974926489,Fresno
6,8,0.0,0.005,6,2,0.6618078036785693,1.4567281556938103,0.794920352015241,0.4384504480601152,1.2611728899944863,0.3476529281104607,Fresno
6,64,0.0,0.0005,4,2,0.9717394984862447,1.457160753055308,0.4854212545690632,0.9273463501359324,1.2611728899944863,0.7353046973123459,Fresno
6,16,0.3,0.005,6,2,1.387282849098069,1.458212882979416,0.070930033881347,0.5135297019485141,1.2611728899944863,0.4071842219433999,Fresno
6,64,0.3,0.001,8,1,1.2075907894718692,1.459852840433434,0.2522620509615649,0.6430652390869133,1.2611728899944863,0.5098945943008056,Fresno
6,32,0.2,0.005,8,1,0.6440650467083594,1.4782533967213465,0.8341883500129871,0.5895836835990231,1.2611728899944863,0.4674883897968982,Fresno
6,64,0.1,0.001,6,2,1.385390332799972,1.505717424974791,0.1203270921748191,0.8228435786616011,1.2611728899944863,0.6524431227388644,Fresno
6,16,0.0,0.001,4,2,1.1176158572102193,1.51862984503183,0.4010139878216108,0.8198322302627423,1.2611728899944863,0.6500553863525613,Fresno
6,64,0.1,0.0005,4,1,0.9004255404657125,1.5409546971776165,0.6405291567119039,0.951923251542945,1.2611728899944863,0.7547920345378709,Fresno
6,64,0.1,0.001,8,1,1.0825242436601263,1.5562228250292982,0.4736985813691718,0.6054612439647641,1.2611728899944863,0.4800779090386338,Fresno
6,32,0.1,0.005,4,2,0.5140277452597537,1.5896346654286282,1.0756069201688745,0.8101600517276992,1.2611728899944863,0.642386193165983,Fresno
6,8,0.0,0.005,8,1,0.7486494586351848,1.6528286189464465,0.9041791603112616,0.7194952958772827,1.2611728899944863,0.5704969569084443,Fresno
6,32,0.2,0.001,4,1,1.048236549149852,1.6744061202904157,0.6261695711405635,0.9147078230522124,1.2611728899944863,0.7252834486921227,Fresno
6,8,0.1,0.0001,4,1,3.167740681479568,1.691598853588128,-1.4761418278914398,0.3131333829097554,1.2611728899944863,0.2482874357623753,Fresno
6,8,0.3,0.0001,6,2,3.407003749103065,1.7111482922892662,-1.695855456813799,0.234289927757614,1.2611728899944863,0.1857714589461546,Fresno
6,32,0.1,0.001,4,2,0.9022625526203478,1.7675146618403237,0.8652521092199759,1.0631135771292552,1.2611728899944863,0.8429562556914008,Fresno
6,64,0.2,0.001,4,2,1.6445865802951698,1.9694547217132603,0.3248681414180905,1.4449922448635872,1.2611728899944863,1.1457527007814958,Fresno
6,64,0.0,0.0005,4,1,0.980727529810752,2.0042229617284946,1.0234954319177425,1.3647360935590704,1.2611728899944863,1.0821165792463527,Fresno
6,64,0.0,0.0005,6,2,0.8185038333671841,2.077386690907556,1.258882857540372,1.1673451826716927,1.2611728899944863,0.9256028193539714,Fresno
6,8,0.0,0.0001,4,1,2.910278009718611,2.230362717277448,-0.6799152924411636,0.2422822100864297,1.2611728899944863,0.1921086410979615,Fresno
6,64,0.0,0.001,8,2,0.8479146345858245,2.4600416820448707,1.612127047459046,1.6397072666258383,1.2611728899944863,1.3001447142056843,Fresno
6,64,0.0,0.001,4,1,2.093945007811306,2.8786255788588946,0.7846805710475886,1.742845996516276,1.2611728899944863,1.3819247228854523,Fresno
6,32,0.0,0.001,6,1,0.8801048697676519,3.1400968832416485,2.2599920134739966,2.263996367060097,1.2611728899944863,1.7951514697322706,Fresno
