Year-Month,cv_mentions_rate,cv_mentions_rate_lag3,cv_mentions_rate_lag6,risk_mentions_rate,risk_mentions_rate_lag3,risk_mentions_rate_lag6
2008-04,0.0,,,0.0,,
2008-05,0.0,,,0.0,,
2008-06,0.0,,,0.0,,
2008-07,0.0,0.0,,0.0,0.0,
2008-08,0.0,0.0,,3.0,0.0,
2008-09,0.0,0.0,,2.5,0.0,
2008-10,0.0,0.0,0.0,0.0,0.0,0.0
2008-11,0.0,0.0,0.0,0.0,3.0,0.0
2008-12,0.0,0.0,0.0,0.0,2.5,0.0
2009-01,0.0,0.0,0.0,0.0,0.0,0.0
2009-02,12.0,0.0,0.0,12.0,0.0,3.0
2009-03,0.0,0.0,0.0,0.0,0.0,2.5
2009-04,4.0,0.0,0.0,0.0,0.0,0.0
2009-05,0.0,12.0,0.0,0.0,12.0,0.0
2009-06,0.0,0.0,0.0,0.0,0.0,0.0
2009-07,0.0,4.0,0.0,0.0,0.0,0.0
2009-08,0.0,0.0,12.0,0.0,0.0,12.0
2009-09,0.6666666666666666,0.0,0.0,5.666666666666667,0.0,0.0
2009-10,0.6666666666666666,0.0,4.0,1.0,0.0,0.0
2009-11,0.0,0.0,0.0,0.0,0.0,0.0
2009-12,0.0,0.6666666666666666,0.0,0.0,5.666666666666667,0.0
2010-01,0.0,0.6666666666666666,0.0,0.0,1.0,0.0
2010-02,0.0,0.0,0.0,0.0,0.0,0.0
2010-03,0.0,0.0,0.6666666666666666,1.0,0.0,5.666666666666667
2010-04,0.0,0.0,0.6666666666666666,0.0,0.0,1.0
2010-05,0.0,0.0,0.0,0.0,0.0,0.0
2010-06,0.0,0.0,0.0,0.0,1.0,0.0
2010-07,0.0,0.0,0.0,0.75,0.0,0.0
2010-08,0.0,0.0,0.0,0.0,0.0,0.0
2010-09,0.0,0.0,0.0,0.0,0.0,1.0
2010-10,0.0,0.0,0.0,0.0,0.75,0.0
2010-11,0.0,0.0,0.0,0.0,0.0,0.0
2010-12,0.0,0.0,0.0,0.0,0.0,0.0
2011-01,0.0,0.0,0.0,0.0,0.0,0.75
2011-02,0.0,0.0,0.0,0.0,0.0,0.0
2011-03,0.0,0.0,0.0,0.0,0.0,0.0
2011-04,0.0,0.0,0.0,1.0,0.0,0.0
2011-05,0.25,0.0,0.0,0.5,0.0,0.0
2011-06,0.0,0.0,0.0,0.0,0.0,0.0
2011-07,0.0,0.0,0.0,0.0,1.0,0.0
2011-08,0.0,0.25,0.0,0.6666666666666666,0.5,0.0
2011-09,0.0,0.0,0.0,0.6666666666666666,0.0,0.0
2011-10,1.0,0.0,0.0,3.0,0.0,1.0
2011-11,0.0,0.0,0.25,0.5,0.6666666666666666,0.5
2011-12,0.0,0.0,0.0,1.0,0.6666666666666666,0.0
2012-01,0.6666666666666666,1.0,0.0,2.3333333333333335,3.0,0.0
2012-02,0.0,0.0,0.0,0.0,0.5,0.6666666666666666
2012-03,0.0,0.0,0.0,0.6,1.0,0.6666666666666666
2012-04,0.4,0.6666666666666666,1.0,0.4,2.3333333333333335,3.0
2012-05,0.0,0.0,0.0,0.6666666666666666,0.0,0.5
2012-06,0.0,0.0,0.0,2.0,0.6,1.0
2012-07,0.0,0.4,0.6666666666666666,3.6,0.4,2.3333333333333335
2012-08,1.2,0.0,0.0,1.0,0.6666666666666666,0.0
2012-09,2.3333333333333335,0.0,0.0,3.888888888888889,2.0,0.6
2012-10,0.16666666666666666,0.0,0.4,2.1666666666666665,3.6,0.4
2012-11,3.3333333333333335,1.2,0.0,2.5,1.0,0.6666666666666666
2012-12,1.75,2.3333333333333335,0.0,4.5,3.888888888888889,2.0
2013-01,0.0,0.16666666666666666,0.0,0.4,2.1666666666666665,3.6
2013-02,0.5714285714285714,3.3333333333333335,1.2,0.14285714285714285,2.5,1.0
2013-03,0.0,1.75,2.3333333333333335,0.4,4.5,3.888888888888889
2013-04,1.5,0.0,0.16666666666666666,1.0,0.4,2.1666666666666665
2013-05,3.5555555555555554,0.5714285714285714,3.3333333333333335,3.4444444444444446,0.14285714285714285,2.5
2013-06,1.2222222222222223,0.0,1.75,3.3333333333333335,0.4,4.5
2013-07,0.8,1.5,0.0,1.2,1.0,0.4
2013-08,2.111111111111111,3.5555555555555554,0.5714285714285714,2.3333333333333335,3.4444444444444446,0.14285714285714285
2013-09,1.0,1.2222222222222223,0.0,0.7142857142857143,3.3333333333333335,0.4
2013-10,0.14285714285714285,0.8,1.5,1.2857142857142858,1.2,1.0
2013-11,8.25,2.111111111111111,3.5555555555555554,0.25,2.3333333333333335,3.4444444444444446
2013-12,0.0,1.0,1.2222222222222223,0.0,0.7142857142857143,3.3333333333333335
2014-01,4.0,0.14285714285714285,0.8,5.5,1.2857142857142858,1.2
2014-02,0.5714285714285714,8.25,2.111111111111111,0.14285714285714285,0.25,2.3333333333333335
2014-03,0.6666666666666666,0.0,1.0,1.6666666666666667,0.0,0.7142857142857143
2014-04,0.5,4.0,0.14285714285714285,1.875,5.5,1.2857142857142858
2014-05,0.0,0.5714285714285714,8.25,0.5,0.14285714285714285,0.25
2014-06,1.2,0.6666666666666666,0.0,0.4,1.6666666666666667,0.0
2014-07,1.0,0.5,4.0,1.1,1.875,5.5
2014-08,2.2222222222222223,0.0,0.5714285714285714,1.3333333333333333,0.5,0.14285714285714285
2014-09,1.25,1.2,0.6666666666666666,3.0,0.4,1.6666666666666667
2014-10,0.5714285714285714,1.0,0.5,0.5714285714285714,1.1,1.875
2014-11,0.0,2.2222222222222223,0.0,5.0,1.3333333333333333,0.5
2014-12,0.0,1.25,1.2,1.6666666666666667,3.0,0.4
2015-01,0.0,0.5714285714285714,1.0,3.0,0.5714285714285714,1.1
2015-02,2.4285714285714284,0.0,2.2222222222222223,12.285714285714286,5.0,1.3333333333333333
2015-03,2.75,0.0,1.25,2.625,1.6666666666666667,3.0
2015-04,0.2222222222222222,0.0,0.5714285714285714,1.8888888888888888,3.0,0.5714285714285714
2015-05,0.0,2.4285714285714284,0.0,1.4545454545454546,12.285714285714286,5.0
2015-06,1.4,2.75,0.0,1.8,2.625,1.6666666666666667
2015-07,1.0,0.2222222222222222,0.0,0.75,1.8888888888888888,3.0
2015-08,0.2,0.0,2.4285714285714284,1.9,1.4545454545454546,12.285714285714286
2015-09,0.0,1.4,2.75,1.5,1.8,2.625
2015-10,0.16666666666666666,1.0,0.2222222222222222,1.0,0.75,1.8888888888888888
2015-11,0.0,0.2,0.0,1.2,1.9,1.4545454545454546
2015-12,0.09090909090909091,0.0,1.4,1.3636363636363635,1.5,1.8
