feature,pfi,run,county
AQI_PM10,0.08725429571365617,1,Kern
risk_mentions_rate,0.07696887032996724,1,Kern
cv_mentions_rate,0.04148438976787028,1,Kern
PRECIP,0.02338727645971772,1,Kern
WIND_AvgMPH,0.017033755501997927,1,Kern
EARTHQUAKE_Total,0.014398097074839689,1,Kern
AQI_PM25,0.013140667212655777,1,Kern
WIND_RunMiles,-0.005803257966679964,1,Kern
Num_Articles,-0.007953985375122263,1,Kern
PESTICIDE_Total,-0.036421372694320386,1,Kern
AQI_PM10,0.08356876514584544,2,Kern
PRECIP,0.03529003731002278,2,Kern
PESTICIDE_Total,0.03108951789735892,2,Kern
cv_mentions_rate,0.03036610825122832,2,Kern
EARTHQUAKE_Total,0.0248635732953445,2,Kern
WIND_RunMiles,0.001436668397066354,2,Kern
risk_mentions_rate,-0.004128126524152509,2,Kern
WIND_AvgMPH,-0.0178229237866937,2,Kern
Num_Articles,-0.13340207411669897,2,Kern
AQI_PM25,-0.1937867492537666,2,Kern
AQI_PM25,0.1339038627664917,3,Kern
PESTICIDE_Total,0.0836882675549519,3,Kern
cv_mentions_rate,0.03851585397990437,3,Kern
AQI_PM10,0.025853817783742183,3,Kern
risk_mentions_rate,0.019486172869618346,3,Kern
EARTHQUAKE_Total,0.011025122409088317,3,Kern
PRECIP,-0.007647987598850214,3,Kern
Num_Articles,-0.055001520630463485,3,Kern
WIND_RunMiles,-0.07556143273300403,3,Kern
WIND_AvgMPH,-0.08038103434583038,3,Kern
AQI_PM10,0.10123159357466371,4,Kern
EARTHQUAKE_Total,0.05008169636134657,4,Kern
cv_mentions_rate,0.04259190434550841,4,Kern
PESTICIDE_Total,0.022148386003677967,4,Kern
PRECIP,0.021189120729179833,4,Kern
risk_mentions_rate,0.002205195918299818,4,Kern
WIND_AvgMPH,-0.01583220210928593,4,Kern
WIND_RunMiles,-0.04758136063151791,4,Kern
AQI_PM25,-0.05893933068694296,4,Kern
Num_Articles,-0.13528207229768197,4,Kern
AQI_PM10,0.15763220770303782,5,Kern
risk_mentions_rate,0.061153440354586586,5,Kern
PRECIP,0.044205716294779596,5,Kern
PESTICIDE_Total,0.029980658595714305,5,Kern
cv_mentions_rate,0.023305637771380172,5,Kern
EARTHQUAKE_Total,0.009729635466189934,5,Kern
Num_Articles,0.0005486812368654115,5,Kern
WIND_AvgMPH,-0.05211820729440919,5,Kern
WIND_RunMiles,-0.0799623368119804,5,Kern
AQI_PM25,-0.13895540507291215,5,Kern
AQI_PM25,0.19741672412316758,6,Kern
risk_mentions_rate,0.09458173553364074,6,Kern
cv_mentions_rate,0.046505713118860814,6,Kern
PESTICIDE_Total,0.04143253951440312,6,Kern
AQI_PM10,0.04135531634286077,6,Kern
EARTHQUAKE_Total,0.03905457998558748,6,Kern
PRECIP,0.01105763719497782,6,Kern
WIND_RunMiles,-0.02175355804580348,6,Kern
WIND_AvgMPH,-0.032783715861985196,6,Kern
Num_Articles,-0.16169311281127602,6,Kern
AQI_PM10,0.1463663214992642,7,Kern
AQI_PM25,0.11277360143031101,7,Kern
EARTHQUAKE_Total,0.03173284120465292,7,Kern
PESTICIDE_Total,0.028589458560298597,7,Kern
cv_mentions_rate,0.0218940522537453,7,Kern
risk_mentions_rate,0.0013987464669719119,7,Kern
WIND_RunMiles,-0.0022230235650562147,7,Kern
Num_Articles,-0.008241497525174779,7,Kern
PRECIP,-0.023487513615839783,7,Kern
WIND_AvgMPH,-0.0941656903235013,7,Kern
AQI_PM25,0.1326348323686281,8,Kern
AQI_PM10,0.03854879153701096,8,Kern
risk_mentions_rate,0.02277903152001315,8,Kern
PESTICIDE_Total,0.015016204662020582,8,Kern
EARTHQUAKE_Total,0.0,8,Kern
WIND_RunMiles,-0.0015826746142872383,8,Kern
cv_mentions_rate,-0.024631487062804658,8,Kern
WIND_AvgMPH,-0.03544673040311358,8,Kern
PRECIP,-0.045199505350355995,8,Kern
Num_Articles,-0.06642694844329178,8,Kern
AQI_PM10,0.12826911277750475,9,Kern
risk_mentions_rate,0.04144960667482267,9,Kern
cv_mentions_rate,0.03240284144192107,9,Kern
AQI_PM25,0.02893660722798974,9,Kern
EARTHQUAKE_Total,0.00965340714709595,9,Kern
WIND_RunMiles,0.007937961234137036,9,Kern
PRECIP,-0.04416839534539502,9,Kern
PESTICIDE_Total,-0.060919422352355646,9,Kern
WIND_AvgMPH,-0.06862123523468305,9,Kern
Num_Articles,-0.16652498554062356,9,Kern
risk_mentions_rate,0.09128281944843258,10,Kern
AQI_PM10,0.08471901429883183,10,Kern
PESTICIDE_Total,0.05629076175229747,10,Kern
cv_mentions_rate,0.033680371667456466,10,Kern
EARTHQUAKE_Total,0.030486650677239213,10,Kern
PRECIP,0.00545288986771808,10,Kern
AQI_PM25,-0.021767460598945798,10,Kern
WIND_AvgMPH,-0.025220289524883255,10,Kern
WIND_RunMiles,-0.05142771468024765,10,Kern
Num_Articles,-0.08896835572067846,10,Kern
AQI_PM10,0.11093476494581378,11,Kern
cv_mentions_rate,0.08432427488629912,11,Kern
risk_mentions_rate,0.05416403347455201,11,Kern
AQI_PM25,0.04715825448089184,11,Kern
EARTHQUAKE_Total,0.0,11,Kern
PRECIP,-0.006610353561422588,11,Kern
PESTICIDE_Total,-0.016593641869535936,11,Kern
WIND_RunMiles,-0.02887756236172201,11,Kern
WIND_AvgMPH,-0.11524410891556103,11,Kern
Num_Articles,-0.14399339751377555,11,Kern
AQI_PM10,0.13829184340908662,12,Kern
risk_mentions_rate,0.08330357116037967,12,Kern
PRECIP,0.05773638606753517,12,Kern
cv_mentions_rate,0.054393742056709105,12,Kern
EARTHQUAKE_Total,0.0467551744756497,12,Kern
PESTICIDE_Total,-0.013806637358352414,12,Kern
WIND_AvgMPH,-0.014395345093117184,12,Kern
Num_Articles,-0.032230528914849677,12,Kern
WIND_RunMiles,-0.043607382991809385,12,Kern
AQI_PM25,-0.14359530541013033,12,Kern
AQI_PM10,0.126500373170631,13,Kern
risk_mentions_rate,0.0756805173127939,13,Kern
cv_mentions_rate,0.0710882299194166,13,Kern
PRECIP,0.023528239437688503,13,Kern
EARTHQUAKE_Total,0.019018825490430047,13,Kern
AQI_PM25,0.01575454495408779,13,Kern
PESTICIDE_Total,0.0151390852539659,13,Kern
WIND_AvgMPH,0.01426070184403433,13,Kern
WIND_RunMiles,-0.014708566850486493,13,Kern
Num_Articles,-0.10305947258485115,13,Kern
AQI_PM10,0.2006237591164841,14,Kern
risk_mentions_rate,0.13474479947221796,14,Kern
PESTICIDE_Total,0.061205812591706155,14,Kern
AQI_PM25,0.048877490208903474,14,Kern
PRECIP,0.04221865509064621,14,Kern
EARTHQUAKE_Total,-0.0007718588962793982,14,Kern
WIND_AvgMPH,-0.006209960536173065,14,Kern
WIND_RunMiles,-0.024930975555055246,14,Kern
cv_mentions_rate,-0.02972141570985881,14,Kern
Num_Articles,-0.030866308690661093,14,Kern
PESTICIDE_Total,0.13339296291656244,15,Kern
cv_mentions_rate,0.09545864901045809,15,Kern
AQI_PM10,0.07614139632416439,15,Kern
EARTHQUAKE_Total,0.028100675855644075,15,Kern
risk_mentions_rate,0.001984447013270274,15,Kern
PRECIP,-0.0009871868152376284,15,Kern
WIND_RunMiles,-0.05862000332856804,15,Kern
WIND_AvgMPH,-0.060652012272660316,15,Kern
Num_Articles,-0.06556357652421063,15,Kern
AQI_PM25,-0.08555061188970436,15,Kern
AQI_PM25,0.16175764738216036,16,Kern
EARTHQUAKE_Total,0.02543239807504405,16,Kern
PRECIP,0.012755854841949299,16,Kern
PESTICIDE_Total,-0.005603764896381591,16,Kern
WIND_RunMiles,-0.007911723893721967,16,Kern
WIND_AvgMPH,-0.015797882545917075,16,Kern
cv_mentions_rate,-0.03365317212845942,16,Kern
AQI_PM10,-0.03706207589228494,16,Kern
Num_Articles,-0.04554973741241242,16,Kern
risk_mentions_rate,-0.05040200671228223,16,Kern
PESTICIDE_Total,0.11955684863266036,17,Kern
AQI_PM10,0.05454421596301312,17,Kern
Num_Articles,0.05230584033260954,17,Kern
AQI_PM25,0.02667294576800089,17,Kern
EARTHQUAKE_Total,0.019792012356714517,17,Kern
risk_mentions_rate,0.009420955836117573,17,Kern
cv_mentions_rate,-0.012084005463434688,17,Kern
WIND_RunMiles,-0.0218913048701731,17,Kern
WIND_AvgMPH,-0.03342876593717131,17,Kern
PRECIP,-0.04747538385439953,17,Kern
AQI_PM25,0.16782080175557168,18,Kern
risk_mentions_rate,0.08154285932471761,18,Kern
EARTHQUAKE_Total,0.06928858985875508,18,Kern
AQI_PM10,0.031798114741094174,18,Kern
Num_Articles,0.01821506983076987,18,Kern
PRECIP,-0.0013500459832831435,18,Kern
WIND_AvgMPH,-0.004927635545093012,18,Kern
cv_mentions_rate,-0.008168026062384814,18,Kern
WIND_RunMiles,-0.02395651782837782,18,Kern
PESTICIDE_Total,-0.058515092186173845,18,Kern
AQI_PM10,0.1072193779518022,19,Kern
risk_mentions_rate,0.10633535161008484,19,Kern
PESTICIDE_Total,0.08597235481571147,19,Kern
EARTHQUAKE_Total,0.006656401841781123,19,Kern
WIND_RunMiles,-0.005862737137991236,19,Kern
PRECIP,-0.016051293794757227,19,Kern
Num_Articles,-0.016810405099189296,19,Kern
WIND_AvgMPH,-0.018231717523835955,19,Kern
cv_mentions_rate,-0.05339924829605924,19,Kern
AQI_PM25,-0.05978352655099267,19,Kern
AQI_PM10,0.10824890711853657,20,Kern
PESTICIDE_Total,0.062385658104320674,20,Kern
risk_mentions_rate,0.043362668293333184,20,Kern
EARTHQUAKE_Total,0.03096879718939821,20,Kern
WIND_AvgMPH,0.025587811303623753,20,Kern
PRECIP,0.014466987065951453,20,Kern
cv_mentions_rate,-0.024150510431905137,20,Kern
WIND_RunMiles,-0.03948678344069423,20,Kern
AQI_PM25,-0.0526820827758403,20,Kern
Num_Articles,-0.058293258670164216,20,Kern
PESTICIDE_Total,0.06680062366064998,21,Kern
risk_mentions_rate,0.0663652093835056,21,Kern
AQI_PM25,0.05992825431316573,21,Kern
cv_mentions_rate,0.04983940230541889,21,Kern
PRECIP,0.03690624533033998,21,Kern
AQI_PM10,0.028660475034855415,21,Kern
EARTHQUAKE_Total,0.005214712248256204,21,Kern
Num_Articles,-0.00932264022856627,21,Kern
WIND_AvgMPH,-0.03187919965182795,21,Kern
WIND_RunMiles,-0.04539441824617052,21,Kern
AQI_PM10,0.06723914890756666,22,Kern
PESTICIDE_Total,0.05949226264395796,22,Kern
risk_mentions_rate,0.05851964823081501,22,Kern
EARTHQUAKE_Total,0.027234592774768696,22,Kern
cv_mentions_rate,0.020532545293653004,22,Kern
PRECIP,-0.00024421688301989875,22,Kern
WIND_RunMiles,-0.010944032416093596,22,Kern
WIND_AvgMPH,-0.01275081787757032,22,Kern
AQI_PM25,-0.023144774648748367,22,Kern
Num_Articles,-0.14480008716436243,22,Kern
AQI_PM10,0.12939325053369488,23,Kern
risk_mentions_rate,0.0942438016351137,23,Kern
PRECIP,0.06820118816485177,23,Kern
PESTICIDE_Total,0.05991159239649291,23,Kern
EARTHQUAKE_Total,0.03187521370626689,23,Kern
cv_mentions_rate,0.007855213578276121,23,Kern
WIND_AvgMPH,-0.05531089457411825,23,Kern
Num_Articles,-0.0745688707761451,23,Kern
AQI_PM25,-0.10124181477006094,23,Kern
WIND_RunMiles,-0.10677507081001197,23,Kern
AQI_PM10,0.15406508312653105,24,Kern
cv_mentions_rate,0.0796870257413137,24,Kern
PESTICIDE_Total,0.062199195611096714,24,Kern
risk_mentions_rate,0.059162725428887564,24,Kern
AQI_PM25,0.026961809999769548,24,Kern
EARTHQUAKE_Total,0.025842213887629473,24,Kern
PRECIP,0.0008217594876746559,24,Kern
Num_Articles,-7.621697417814488e-05,24,Kern
WIND_AvgMPH,-0.019154023175478208,24,Kern
WIND_RunMiles,-0.021552247733796437,24,Kern
PESTICIDE_Total,0.11700045396688041,25,Kern
AQI_PM10,0.1128682939544241,25,Kern
EARTHQUAKE_Total,0.009112417131151629,25,Kern
risk_mentions_rate,0.001753747222608959,25,Kern
AQI_PM25,-0.0006613424897534137,25,Kern
WIND_RunMiles,-0.0010649919562722987,25,Kern
cv_mentions_rate,-0.003944612317919094,25,Kern
WIND_AvgMPH,-0.0062398196965787744,25,Kern
PRECIP,-0.012794356438375176,25,Kern
Num_Articles,-0.02452541766065003,25,Kern
risk_mentions_rate,0.07152251268809812,26,Kern
EARTHQUAKE_Total,0.06741445896887338,26,Kern
cv_mentions_rate,0.05302223346091589,26,Kern
AQI_PM10,0.04518283922018068,26,Kern
PRECIP,0.0445856710393881,26,Kern
Num_Articles,0.030149456967325516,26,Kern
PESTICIDE_Total,0.02956662718572678,26,Kern
AQI_PM25,0.006936366879343903,26,Kern
WIND_RunMiles,-0.004947926722551732,26,Kern
WIND_AvgMPH,-0.02332184737225723,26,Kern
AQI_PM10,0.19181174840029808,27,Kern
PRECIP,0.06239008462155343,27,Kern
EARTHQUAKE_Total,0.043758318273167396,27,Kern
PESTICIDE_Total,0.013271238388669004,27,Kern
risk_mentions_rate,-0.011627412466986564,27,Kern
cv_mentions_rate,-0.017612977793961093,27,Kern
WIND_RunMiles,-0.018342810251807562,27,Kern
WIND_AvgMPH,-0.04389597819257057,27,Kern
Num_Articles,-0.09294665306833122,27,Kern
AQI_PM25,-0.09648529451090426,27,Kern
cv_mentions_rate,0.09214784663186182,28,Kern
AQI_PM10,0.0919957888597367,28,Kern
risk_mentions_rate,0.059260175752895716,28,Kern
EARTHQUAKE_Total,0.04863095913305909,28,Kern
PESTICIDE_Total,0.023460804887988962,28,Kern
AQI_PM25,0.005532659483013125,28,Kern
PRECIP,-0.003323589723024989,28,Kern
WIND_AvgMPH,-0.01455070575785089,28,Kern
WIND_RunMiles,-0.04136676512976445,28,Kern
Num_Articles,-0.0723121392760448,28,Kern
AQI_PM10,0.09480674583452553,29,Kern
PESTICIDE_Total,0.05867213466976007,29,Kern
cv_mentions_rate,0.058052289719737415,29,Kern
risk_mentions_rate,0.04123683834461522,29,Kern
EARTHQUAKE_Total,0.0,29,Kern
PRECIP,-0.033574426668986024,29,Kern
WIND_AvgMPH,-0.07303896014009031,29,Kern
WIND_RunMiles,-0.08317104372854622,29,Kern
AQI_PM25,-0.09144072127201347,29,Kern
Num_Articles,-0.23483521991885647,29,Kern
PESTICIDE_Total,0.15265713270364778,30,Kern
AQI_PM10,0.11723949268469958,30,Kern
cv_mentions_rate,0.07785468363641707,30,Kern
risk_mentions_rate,0.053473907928190345,30,Kern
AQI_PM25,0.010791531002589061,30,Kern
EARTHQUAKE_Total,0.00981657986789286,30,Kern
WIND_AvgMPH,-0.014078607249326303,30,Kern
WIND_RunMiles,-0.03150233169608613,30,Kern
Num_Articles,-0.035425616737606636,30,Kern
PRECIP,-0.037134514399650376,30,Kern
AQI_PM10,0.08304087004831062,31,Kern
PESTICIDE_Total,0.0553849898772073,31,Kern
EARTHQUAKE_Total,0.045984411081138266,31,Kern
risk_mentions_rate,0.03576504568062455,31,Kern
cv_mentions_rate,0.014142077523809249,31,Kern
PRECIP,-0.007586650613836565,31,Kern
WIND_RunMiles,-0.028119635228497475,31,Kern
AQI_PM25,-0.03479693310635934,31,Kern
WIND_AvgMPH,-0.04179005513076833,31,Kern
Num_Articles,-0.04344362637227439,31,Kern
AQI_PM25,0.14828781627624604,32,Kern
AQI_PM10,0.1019455826306171,32,Kern
PESTICIDE_Total,0.09526182211901896,32,Kern
cv_mentions_rate,0.07100048674792803,32,Kern
EARTHQUAKE_Total,0.03494122830756591,32,Kern
WIND_RunMiles,0.02875870930072616,32,Kern
Num_Articles,0.005019063209915298,32,Kern
risk_mentions_rate,-0.010838970972140705,32,Kern
WIND_AvgMPH,-0.03161389077348514,32,Kern
PRECIP,-0.060666548970522205,32,Kern
AQI_PM25,0.29257890054654295,33,Kern
cv_mentions_rate,0.07578660407804655,33,Kern
EARTHQUAKE_Total,0.04509725058274633,33,Kern
risk_mentions_rate,0.02434252160460043,33,Kern
PESTICIDE_Total,0.02297759988571557,33,Kern
PRECIP,0.008665308653168502,33,Kern
WIND_RunMiles,0.0073789594466472375,33,Kern
WIND_AvgMPH,0.0022346018134951073,33,Kern
Num_Articles,-0.014821648287806799,33,Kern
AQI_PM10,-0.0223497579988286,33,Kern
AQI_PM10,0.06516528865431098,34,Kern
risk_mentions_rate,0.0637410181419042,34,Kern
cv_mentions_rate,0.03464305664176476,34,Kern
PESTICIDE_Total,0.03442145035367383,34,Kern
PRECIP,0.017518577169086558,34,Kern
AQI_PM25,0.011677822308682195,34,Kern
EARTHQUAKE_Total,0.0032781948563934127,34,Kern
WIND_RunMiles,-0.047665507271955065,34,Kern
Num_Articles,-0.103616813220056,34,Kern
WIND_AvgMPH,-0.10854105094729455,34,Kern
PESTICIDE_Total,0.16025496597654915,35,Kern
AQI_PM10,0.11572386987957772,35,Kern
AQI_PM25,0.07416563694683442,35,Kern
EARTHQUAKE_Total,0.06557969820513626,35,Kern
risk_mentions_rate,0.05322315338623984,35,Kern
cv_mentions_rate,0.03810835578927513,35,Kern
PRECIP,0.008840944911426785,35,Kern
Num_Articles,-0.022795443363937518,35,Kern
WIND_AvgMPH,-0.02581985075892021,35,Kern
WIND_RunMiles,-0.051768892475918676,35,Kern
PESTICIDE_Total,0.10094210182064667,36,Kern
AQI_PM10,0.08261022077529612,36,Kern
EARTHQUAKE_Total,0.03943226819941603,36,Kern
cv_mentions_rate,0.02767536072723753,36,Kern
PRECIP,0.02668671785785104,36,Kern
AQI_PM25,0.016305233708542977,36,Kern
risk_mentions_rate,-0.011764385313673076,36,Kern
WIND_AvgMPH,-0.03648426348163014,36,Kern
WIND_RunMiles,-0.06570088979020583,36,Kern
Num_Articles,-0.1646618606625767,36,Kern
PESTICIDE_Total,0.09513440861873884,37,Kern
risk_mentions_rate,0.06524908992115502,37,Kern
PRECIP,0.05690375282517751,37,Kern
EARTHQUAKE_Total,0.039477918876570095,37,Kern
cv_mentions_rate,0.030148173800778777,37,Kern
AQI_PM10,0.010197057735549186,37,Kern
WIND_RunMiles,-0.00905086660071408,37,Kern
WIND_AvgMPH,-0.02842280079189269,37,Kern
AQI_PM25,-0.03823112883936064,37,Kern
Num_Articles,-0.11931500350375285,37,Kern
AQI_PM10,0.11776322780511916,38,Kern
risk_mentions_rate,0.06349881697257331,38,Kern
cv_mentions_rate,0.04012318199919945,38,Kern
EARTHQUAKE_Total,0.039305923245116614,38,Kern
PESTICIDE_Total,0.01515972012523098,38,Kern
AQI_PM25,0.013547097141229203,38,Kern
WIND_RunMiles,-0.03693172779313647,38,Kern
PRECIP,-0.041874079630112526,38,Kern
WIND_AvgMPH,-0.0525976951769031,38,Kern
Num_Articles,-0.06366554128537472,38,Kern
EARTHQUAKE_Total,0.04484241092752517,39,Kern
PESTICIDE_Total,0.035389227442975235,39,Kern
risk_mentions_rate,0.03526553641772634,39,Kern
AQI_PM25,-0.0004426692199450688,39,Kern
WIND_RunMiles,-0.002356615327264777,39,Kern
cv_mentions_rate,-0.009657079479716335,39,Kern
PRECIP,-0.04017842616921574,39,Kern
AQI_PM10,-0.05078425095023148,39,Kern
WIND_AvgMPH,-0.05093946241687197,39,Kern
Num_Articles,-0.07856591380186417,39,Kern
PESTICIDE_Total,0.1147968229559807,40,Kern
AQI_PM10,0.09740909043834023,40,Kern
risk_mentions_rate,0.08861691858560483,40,Kern
PRECIP,0.023369880364313977,40,Kern
AQI_PM25,0.008184644644933514,40,Kern
cv_mentions_rate,0.001535795515935523,40,Kern
EARTHQUAKE_Total,0.0007786680186563366,40,Kern
WIND_AvgMPH,-0.02494368559067095,40,Kern
WIND_RunMiles,-0.027032752577065944,40,Kern
Num_Articles,-0.17391393428694157,40,Kern
AQI_PM25,0.0986611761318183,41,Kern
risk_mentions_rate,0.0684971242623415,41,Kern
AQI_PM10,0.05696299090419937,41,Kern
PRECIP,0.04991793528976379,41,Kern
cv_mentions_rate,0.019396607160431567,41,Kern
EARTHQUAKE_Total,0.010850477657358193,41,Kern
PESTICIDE_Total,0.00847710915679295,41,Kern
WIND_AvgMPH,-0.014605552185290971,41,Kern
WIND_RunMiles,-0.03767128025875144,41,Kern
Num_Articles,-0.22989494242730193,41,Kern
AQI_PM25,0.13237492113929128,42,Kern
AQI_PM10,0.10711380170223395,42,Kern
risk_mentions_rate,0.10480865873226808,42,Kern
cv_mentions_rate,0.09780639605430308,42,Kern
EARTHQUAKE_Total,0.030201334283206482,42,Kern
PRECIP,0.015649717937944285,42,Kern
WIND_RunMiles,-0.002866687971754045,42,Kern
PESTICIDE_Total,-0.0319568594712939,42,Kern
WIND_AvgMPH,-0.04338698640923544,42,Kern
Num_Articles,-0.10877597022385899,42,Kern
AQI_PM10,0.09549113316583124,43,Kern
risk_mentions_rate,0.04547296445561877,43,Kern
cv_mentions_rate,0.039709464226840074,43,Kern
PESTICIDE_Total,0.02452660037710741,43,Kern
EARTHQUAKE_Total,0.023500683377104203,43,Kern
PRECIP,0.02329475011735571,43,Kern
AQI_PM25,0.00886559685195698,43,Kern
WIND_RunMiles,0.003016454819137593,43,Kern
WIND_AvgMPH,-0.012005986942580149,43,Kern
Num_Articles,-0.10608982658671362,43,Kern
AQI_PM10,0.11606675036880199,44,Kern
cv_mentions_rate,0.05751629707930389,44,Kern
EARTHQUAKE_Total,0.02978388653694697,44,Kern
PESTICIDE_Total,0.020493784316154118,44,Kern
WIND_AvgMPH,0.008528733759102458,44,Kern
PRECIP,-0.0158760574660729,44,Kern
risk_mentions_rate,-0.024068707621090923,44,Kern
Num_Articles,-0.03960188652091817,44,Kern
AQI_PM25,-0.050516266203343485,44,Kern
WIND_RunMiles,-0.057362688502155756,44,Kern
AQI_PM10,0.07155839626881888,45,Kern
cv_mentions_rate,0.05998158291625877,45,Kern
EARTHQUAKE_Total,0.019756826543208206,45,Kern
risk_mentions_rate,0.019517391717798094,45,Kern
PESTICIDE_Total,0.006682878760537303,45,Kern
AQI_PM25,0.003308217425164628,45,Kern
WIND_AvgMPH,-0.027380450651247334,45,Kern
WIND_RunMiles,-0.06726681834552345,45,Kern
PRECIP,-0.09084087905617194,45,Kern
Num_Articles,-0.1231131210020156,45,Kern
cv_mentions_rate,0.05946666930240091,46,Kern
AQI_PM10,0.05809966059996652,46,Kern
AQI_PM25,0.04622706774289642,46,Kern
PESTICIDE_Total,0.02904274801036999,46,Kern
risk_mentions_rate,0.025469992343502112,46,Kern
EARTHQUAKE_Total,0.021556341306691595,46,Kern
PRECIP,0.016701503088771275,46,Kern
Num_Articles,0.012614388313602676,46,Kern
WIND_AvgMPH,0.01133122727994662,46,Kern
WIND_RunMiles,0.0010448995041257292,46,Kern
AQI_PM10,0.10587192041678117,47,Kern
cv_mentions_rate,0.03406873966207269,47,Kern
EARTHQUAKE_Total,0.03021640406403464,47,Kern
PESTICIDE_Total,0.01551405920561294,47,Kern
WIND_RunMiles,0.00019654741678637455,47,Kern
WIND_AvgMPH,-0.0016966405101865867,47,Kern
risk_mentions_rate,-0.0038804565919776657,47,Kern
PRECIP,-0.016148916744303687,47,Kern
Num_Articles,-0.11583683571248832,47,Kern
AQI_PM25,-0.12970093525162218,47,Kern
AQI_PM10,0.07628369322907536,48,Kern
cv_mentions_rate,0.06241612276861208,48,Kern
EARTHQUAKE_Total,0.03852803750830558,48,Kern
PRECIP,0.007152644724484847,48,Kern
risk_mentions_rate,0.0065368329538800785,48,Kern
PESTICIDE_Total,-0.016847196527129182,48,Kern
WIND_AvgMPH,-0.029057117969283897,48,Kern
WIND_RunMiles,-0.05747373538425349,48,Kern
AQI_PM25,-0.08214338133997579,48,Kern
Num_Articles,-0.11734658265690334,48,Kern
AQI_PM10,0.08684261671458254,49,Kern
AQI_PM25,0.05637018909059538,49,Kern
risk_mentions_rate,0.04994900332239688,49,Kern
EARTHQUAKE_Total,0.036673924889434606,49,Kern
PESTICIDE_Total,0.024639128092640405,49,Kern
WIND_AvgMPH,-0.023952031848738953,49,Kern
cv_mentions_rate,-0.035525688034700575,49,Kern
WIND_RunMiles,-0.04151801030365132,49,Kern
PRECIP,-0.04445498400901693,49,Kern
Num_Articles,-0.19191400118312235,49,Kern
risk_mentions_rate,0.05271648673008433,50,Kern
EARTHQUAKE_Total,0.03401983801539621,50,Kern
cv_mentions_rate,0.0335220883936751,50,Kern
AQI_PM10,0.018031195730199734,50,Kern
WIND_RunMiles,0.011643184339911239,50,Kern
PRECIP,0.009377017650661124,50,Kern
PESTICIDE_Total,9.942741036694791e-05,50,Kern
WIND_AvgMPH,-0.0032395318223920055,50,Kern
AQI_PM25,-0.07722839953776228,50,Kern
Num_Articles,-0.1761457871048041,50,Kern
AQI_PM10,0.18248748762136724,51,Kern
PRECIP,0.05337980930719499,51,Kern
EARTHQUAKE_Total,0.030220371014216152,51,Kern
cv_mentions_rate,0.030149660509355747,51,Kern
risk_mentions_rate,-0.011555616309168237,51,Kern
PESTICIDE_Total,-0.022640369363563728,51,Kern
Num_Articles,-0.03306275147058546,51,Kern
WIND_RunMiles,-0.034329535522813925,51,Kern
AQI_PM25,-0.0740572544391942,51,Kern
WIND_AvgMPH,-0.1016143160645554,51,Kern
AQI_PM10,0.1340751399672646,52,Kern
AQI_PM25,0.05467161889780925,52,Kern
EARTHQUAKE_Total,0.03244333386349341,52,Kern
risk_mentions_rate,0.03215958521678097,52,Kern
PESTICIDE_Total,0.0028395943011992886,52,Kern
cv_mentions_rate,-0.006182424090620753,52,Kern
WIND_RunMiles,-0.030157879569651436,52,Kern
PRECIP,-0.03667732453077133,52,Kern
WIND_AvgMPH,-0.04077521807121043,52,Kern
Num_Articles,-0.22857248478348224,52,Kern
cv_mentions_rate,0.11234460368990673,53,Kern
AQI_PM25,0.09562450380886878,53,Kern
WIND_RunMiles,0.05177070156414815,53,Kern
EARTHQUAKE_Total,0.04571949922613189,53,Kern
PESTICIDE_Total,0.026184115361682025,53,Kern
WIND_AvgMPH,0.025809581088583278,53,Kern
risk_mentions_rate,0.013330533519625931,53,Kern
PRECIP,-0.005498802834251748,53,Kern
Num_Articles,-0.009351489879694308,53,Kern
AQI_PM10,-0.021350171599446854,53,Kern
AQI_PM25,0.09986049399815913,54,Kern
EARTHQUAKE_Total,0.04573231899532457,54,Kern
risk_mentions_rate,0.03975788757232793,54,Kern
Num_Articles,0.03549328059613313,54,Kern
AQI_PM10,0.032948628880263314,54,Kern
WIND_AvgMPH,0.015363729114969,54,Kern
PESTICIDE_Total,0.009740272578195625,54,Kern
PRECIP,-0.023143486177562955,54,Kern
cv_mentions_rate,-0.03834484563750129,54,Kern
WIND_RunMiles,-0.0478216950803903,54,Kern
AQI_PM25,0.13883114745977548,55,Kern
AQI_PM10,0.07063203343033408,55,Kern
PRECIP,0.06827189834972863,55,Kern
EARTHQUAKE_Total,0.0603397261806885,55,Kern
cv_mentions_rate,0.03475686339823497,55,Kern
PESTICIDE_Total,0.007121768517077354,55,Kern
risk_mentions_rate,0.00685715431052164,55,Kern
WIND_RunMiles,0.004249627549062829,55,Kern
WIND_AvgMPH,-0.05463511696891332,55,Kern
Num_Articles,-0.09011265593140699,55,Kern
AQI_PM10,0.20080939976464157,56,Kern
AQI_PM25,0.12132640658746441,56,Kern
PESTICIDE_Total,0.07788292585608958,56,Kern
risk_mentions_rate,0.04783910417429765,56,Kern
PRECIP,0.038655099066583765,56,Kern
EARTHQUAKE_Total,-0.004484433634803053,56,Kern
Num_Articles,-0.011599364495009257,56,Kern
WIND_RunMiles,-0.04658573076523581,56,Kern
WIND_AvgMPH,-0.050109736167847946,56,Kern
cv_mentions_rate,-0.06052753941631056,56,Kern
PESTICIDE_Total,0.08993926795546514,57,Kern
risk_mentions_rate,0.07791700526023759,57,Kern
AQI_PM25,0.03991168776512932,57,Kern
cv_mentions_rate,0.03136114635248777,57,Kern
EARTHQUAKE_Total,0.027891783932838976,57,Kern
PRECIP,0.01811666743341478,57,Kern
AQI_PM10,-0.016576513929764725,57,Kern
WIND_AvgMPH,-0.027658472135959067,57,Kern
WIND_RunMiles,-0.05132238827234298,57,Kern
Num_Articles,-0.08541337428150886,57,Kern
AQI_PM10,0.11266261917086884,58,Kern
PRECIP,0.10234219465965877,58,Kern
risk_mentions_rate,0.02925706483229007,58,Kern
cv_mentions_rate,0.011327166079104778,58,Kern
PESTICIDE_Total,0.0010814277909488856,58,Kern
EARTHQUAKE_Total,0.0,58,Kern
WIND_AvgMPH,-0.033742146275973384,58,Kern
WIND_RunMiles,-0.03869914169540345,58,Kern
AQI_PM25,-0.0851000930412481,58,Kern
Num_Articles,-0.14193572515036107,58,Kern
AQI_PM10,0.07375941431805844,59,Kern
cv_mentions_rate,0.04711270613422669,59,Kern
EARTHQUAKE_Total,0.03379341465357377,59,Kern
PRECIP,0.029596291804148578,59,Kern
risk_mentions_rate,0.022827150669286977,59,Kern
PESTICIDE_Total,0.020135745715113562,59,Kern
WIND_RunMiles,-0.027484789837230295,59,Kern
WIND_AvgMPH,-0.06635974066753558,59,Kern
AQI_PM25,-0.09155874793505697,59,Kern
Num_Articles,-0.11642781444130074,59,Kern
AQI_PM10,0.07760254361981778,60,Kern
EARTHQUAKE_Total,0.04381552453671611,60,Kern
PESTICIDE_Total,0.04318600122708105,60,Kern
risk_mentions_rate,0.04012153536169538,60,Kern
cv_mentions_rate,0.02616007520671304,60,Kern
PRECIP,0.009242660124347712,60,Kern
Num_Articles,-0.02871821757591031,60,Kern
AQI_PM25,-0.03467883161675889,60,Kern
WIND_AvgMPH,-0.04847787552279714,60,Kern
WIND_RunMiles,-0.05126901053873867,60,Kern
AQI_PM10,0.15514201471894262,61,Kern
PESTICIDE_Total,0.05081538495792792,61,Kern
cv_mentions_rate,0.03592654630445202,61,Kern
risk_mentions_rate,0.02687743355205996,61,Kern
PRECIP,0.025633476279061096,61,Kern
EARTHQUAKE_Total,-0.007659033796626691,61,Kern
WIND_AvgMPH,-0.04591070356256749,61,Kern
AQI_PM25,-0.0557868261868138,61,Kern
WIND_RunMiles,-0.08192846404787457,61,Kern
Num_Articles,-0.10369696460040229,61,Kern
AQI_PM10,0.07442520698797339,62,Kern
cv_mentions_rate,0.0427319964867976,62,Kern
PESTICIDE_Total,0.03287333145969884,62,Kern
EARTHQUAKE_Total,-0.0029013955624926924,62,Kern
PRECIP,-0.006208480975515185,62,Kern
risk_mentions_rate,-0.013383958368818005,62,Kern
AQI_PM25,-0.020664642018029977,62,Kern
Num_Articles,-0.043759607525141964,62,Kern
WIND_AvgMPH,-0.06024518070370677,62,Kern
WIND_RunMiles,-0.0695930827390151,62,Kern
risk_mentions_rate,0.07862149999774176,63,Kern
AQI_PM25,0.04007320895755062,63,Kern
WIND_AvgMPH,0.02820865799946609,63,Kern
PESTICIDE_Total,0.024868251243594874,63,Kern
EARTHQUAKE_Total,0.02051671221864948,63,Kern
PRECIP,0.014857887590374486,63,Kern
AQI_PM10,0.014060922774334572,63,Kern
WIND_RunMiles,0.012759541976783473,63,Kern
cv_mentions_rate,-0.01779137458052521,63,Kern
Num_Articles,-0.10447563355705414,63,Kern
AQI_PM10,0.25088623554587297,64,Kern
PRECIP,0.04527914987633608,64,Kern
cv_mentions_rate,0.02898712902039935,64,Kern
EARTHQUAKE_Total,0.002465448703810269,64,Kern
risk_mentions_rate,-0.001156613592163458,64,Kern
WIND_RunMiles,-0.038160053669632765,64,Kern
PESTICIDE_Total,-0.039405512073302895,64,Kern
WIND_AvgMPH,-0.05328724503594956,64,Kern
AQI_PM25,-0.10464680394527898,64,Kern
Num_Articles,-0.2683899393446973,64,Kern
AQI_PM10,0.11995625556851452,65,Kern
risk_mentions_rate,0.050621029563145514,65,Kern
cv_mentions_rate,0.03214406456412405,65,Kern
PESTICIDE_Total,0.030174171873069366,65,Kern
PRECIP,0.018825850168526115,65,Kern
EARTHQUAKE_Total,0.00667500896923523,65,Kern
AQI_PM25,-0.03937934196841458,65,Kern
WIND_RunMiles,-0.061038962605673375,65,Kern
WIND_AvgMPH,-0.07043326679852141,65,Kern
Num_Articles,-0.08183353371081176,65,Kern
cv_mentions_rate,0.1435745150052185,66,Kern
AQI_PM10,0.07684222018889303,66,Kern
AQI_PM25,0.06112435833970703,66,Kern
EARTHQUAKE_Total,0.03814201878323614,66,Kern
risk_mentions_rate,0.010556794598909292,66,Kern
PESTICIDE_Total,0.008877037880403393,66,Kern
PRECIP,0.005603672031775364,66,Kern
WIND_RunMiles,-0.01531897475488031,66,Kern
WIND_AvgMPH,-0.017489547939165406,66,Kern
Num_Articles,-0.07703978900408928,66,Kern
AQI_PM10,0.11034954067717084,67,Kern
risk_mentions_rate,0.07867642146155451,67,Kern
AQI_PM25,0.06574829284951844,67,Kern
cv_mentions_rate,0.035737779171327255,67,Kern
WIND_RunMiles,-0.0015838931288562619,67,Kern
PESTICIDE_Total,-0.0021557455422867577,67,Kern
EARTHQUAKE_Total,-0.010661967519168536,67,Kern
WIND_AvgMPH,-0.01413879936443918,67,Kern
PRECIP,-0.025629390084005,67,Kern
Num_Articles,-0.05987705989363046,67,Kern
PESTICIDE_Total,0.14070134371874687,68,Kern
AQI_PM10,0.12010801858285974,68,Kern
cv_mentions_rate,0.09668359593330023,68,Kern
AQI_PM25,0.07085345115883573,68,Kern
PRECIP,0.02259631180034255,68,Kern
EARTHQUAKE_Total,0.01523594109021481,68,Kern
risk_mentions_rate,-0.002068697021911259,68,Kern
WIND_RunMiles,-0.01688453734797163,68,Kern
WIND_AvgMPH,-0.06302827676279615,68,Kern
Num_Articles,-0.1074287548774493,68,Kern
AQI_PM10,0.08268755455556409,69,Kern
PRECIP,0.037230911829223334,69,Kern
risk_mentions_rate,0.01868216633389802,69,Kern
cv_mentions_rate,0.014310187471938962,69,Kern
EARTHQUAKE_Total,0.0025376941688664,69,Kern
AQI_PM25,0.0005606977754831766,69,Kern
WIND_AvgMPH,-0.013972418415407417,69,Kern
PESTICIDE_Total,-0.0330453264941481,69,Kern
WIND_RunMiles,-0.060196371579556984,69,Kern
Num_Articles,-0.10126756963466088,69,Kern
AQI_PM10,0.15227177358039545,70,Kern
cv_mentions_rate,0.0657978234555544,70,Kern
PRECIP,0.02548250235692906,70,Kern
EARTHQUAKE_Total,-0.00019949813977804265,70,Kern
risk_mentions_rate,-0.015562793911647166,70,Kern
PESTICIDE_Total,-0.027829851411470652,70,Kern
WIND_RunMiles,-0.035075678523352916,70,Kern
Num_Articles,-0.04700126513535319,70,Kern
WIND_AvgMPH,-0.10338742952655033,70,Kern
AQI_PM25,-0.17887655119819212,70,Kern
AQI_PM10,0.10798179956733922,71,Kern
AQI_PM25,0.09409408666918873,71,Kern
risk_mentions_rate,0.09201456872714975,71,Kern
PRECIP,0.03361338493840049,71,Kern
EARTHQUAKE_Total,0.002067555614030936,71,Kern
cv_mentions_rate,-0.0038900436647656966,71,Kern
PESTICIDE_Total,-0.012902830374796614,71,Kern
WIND_AvgMPH,-0.044935178767145034,71,Kern
WIND_RunMiles,-0.0461290573028999,71,Kern
Num_Articles,-0.09660282938412268,71,Kern
AQI_PM10,0.12413226664536109,72,Kern
AQI_PM25,0.07031480160416353,72,Kern
cv_mentions_rate,0.05027525519373949,72,Kern
EARTHQUAKE_Total,0.04836783180703913,72,Kern
risk_mentions_rate,0.04751164551104431,72,Kern
PRECIP,0.027479092649774495,72,Kern
Num_Articles,-0.03431787813650328,72,Kern
WIND_RunMiles,-0.04705560504675094,72,Kern
PESTICIDE_Total,-0.06338623370367036,72,Kern
WIND_AvgMPH,-0.09890083048026782,72,Kern
AQI_PM25,0.10715087554727881,73,Kern
PESTICIDE_Total,0.09805889672965379,73,Kern
risk_mentions_rate,0.056127207319098926,73,Kern
PRECIP,0.04346544403893704,73,Kern
Num_Articles,0.018681167800902065,73,Kern
AQI_PM10,0.006901138226103942,73,Kern
WIND_AvgMPH,0.004411427445883298,73,Kern
EARTHQUAKE_Total,0.0,73,Kern
cv_mentions_rate,-0.004966202387344132,73,Kern
WIND_RunMiles,-0.032102986983806925,73,Kern
AQI_PM10,0.11063782914979947,74,Kern
PESTICIDE_Total,0.10553314127298863,74,Kern
risk_mentions_rate,0.089475064019922,74,Kern
cv_mentions_rate,0.07161880788701525,74,Kern
PRECIP,0.06476127930236264,74,Kern
EARTHQUAKE_Total,0.0025319639681937733,74,Kern
WIND_RunMiles,-0.014442200553157425,74,Kern
WIND_AvgMPH,-0.02440939430404615,74,Kern
AQI_PM25,-0.046398779861603956,74,Kern
Num_Articles,-0.10906460470029705,74,Kern
AQI_PM25,0.10196642068556849,75,Kern
risk_mentions_rate,0.09640964568617688,75,Kern
PESTICIDE_Total,0.08768545289383706,75,Kern
AQI_PM10,0.058042890136402514,75,Kern
EARTHQUAKE_Total,0.032613422139066595,75,Kern
PRECIP,-0.0062262745466265534,75,Kern
WIND_RunMiles,-0.006882224481410071,75,Kern
cv_mentions_rate,-0.012310088378168826,75,Kern
Num_Articles,-0.027110679256631187,75,Kern
WIND_AvgMPH,-0.030967197276840053,75,Kern
AQI_PM25,0.14822895474263026,76,Kern
AQI_PM10,0.07220034843781747,76,Kern
risk_mentions_rate,0.05808140439200837,76,Kern
PESTICIDE_Total,0.048941483150329035,76,Kern
EARTHQUAKE_Total,0.040674888029346434,76,Kern
cv_mentions_rate,0.036737735681421746,76,Kern
PRECIP,-0.017856960532657395,76,Kern
WIND_RunMiles,-0.02413194481732056,76,Kern
WIND_AvgMPH,-0.04920640279527844,76,Kern
Num_Articles,-0.09582390528136076,76,Kern
PESTICIDE_Total,0.14842813758720397,77,Kern
cv_mentions_rate,0.12229726614789671,77,Kern
AQI_PM25,0.11827960996052445,77,Kern
AQI_PM10,0.10005387746835326,77,Kern
EARTHQUAKE_Total,0.05534436262440623,77,Kern
WIND_AvgMPH,0.0027049614592301596,77,Kern
risk_mentions_rate,-0.0211649561254752,77,Kern
WIND_RunMiles,-0.025863947893786432,77,Kern
Num_Articles,-0.03145263998742759,77,Kern
PRECIP,-0.03569211363846986,77,Kern
AQI_PM10,0.12246742702867958,78,Kern
cv_mentions_rate,0.10039738481990884,78,Kern
PESTICIDE_Total,0.06438192130805659,78,Kern
risk_mentions_rate,0.04981578119795088,78,Kern
Num_Articles,0.02249435775310421,78,Kern
PRECIP,0.011654244603701958,78,Kern
WIND_RunMiles,0.010866468054201717,78,Kern
EARTHQUAKE_Total,0.0,78,Kern
WIND_AvgMPH,-0.026001154024186734,78,Kern
AQI_PM25,-0.13368968912048235,78,Kern
AQI_PM10,0.19079654815172242,79,Kern
risk_mentions_rate,0.08375946146164115,79,Kern
PRECIP,0.053849377068543425,79,Kern
EARTHQUAKE_Total,0.04946341787330777,79,Kern
cv_mentions_rate,0.003696503313658228,79,Kern
PESTICIDE_Total,-0.020426093295703107,79,Kern
Num_Articles,-0.037346961338879825,79,Kern
WIND_AvgMPH,-0.052610503008126974,79,Kern
WIND_RunMiles,-0.06186679609003609,79,Kern
AQI_PM25,-0.23664234280471624,79,Kern
AQI_PM10,0.1060152266245214,80,Kern
risk_mentions_rate,0.08274931563080862,80,Kern
cv_mentions_rate,0.05893905634577207,80,Kern
EARTHQUAKE_Total,0.02718128750538712,80,Kern
PRECIP,0.011765462316690067,80,Kern
WIND_RunMiles,0.0038466215750354027,80,Kern
PESTICIDE_Total,0.0015047452843597875,80,Kern
WIND_AvgMPH,-0.0010468368375952108,80,Kern
Num_Articles,-0.05768923171438295,80,Kern
AQI_PM25,-0.12435353119331055,80,Kern
AQI_PM10,0.1338052447356225,81,Kern
PRECIP,0.10218884905494341,81,Kern
risk_mentions_rate,0.03638829602496674,81,Kern
cv_mentions_rate,0.01201015468944655,81,Kern
EARTHQUAKE_Total,-0.002562266872436658,81,Kern
WIND_RunMiles,-0.020584235404873752,81,Kern
PESTICIDE_Total,-0.0608143935024541,81,Kern
WIND_AvgMPH,-0.06484220419585873,81,Kern
Num_Articles,-0.07115224818688703,81,Kern
AQI_PM25,-0.10435326312167781,81,Kern
AQI_PM25,0.15244066520455418,82,Kern
PESTICIDE_Total,0.1193079278657933,82,Kern
AQI_PM10,0.06413214117305516,82,Kern
risk_mentions_rate,0.060331499294140944,82,Kern
EARTHQUAKE_Total,0.048178644522155145,82,Kern
WIND_RunMiles,0.003286315346619495,82,Kern
PRECIP,-0.003726093043146028,82,Kern
cv_mentions_rate,-0.010713161601936971,82,Kern
Num_Articles,-0.03086981629872998,82,Kern
WIND_AvgMPH,-0.04506416340087793,82,Kern
AQI_PM10,0.1491451299897748,83,Kern
risk_mentions_rate,0.129752804615196,83,Kern
PESTICIDE_Total,0.08882339172255321,83,Kern
AQI_PM25,0.04157303284716324,83,Kern
PRECIP,0.04122780830723477,83,Kern
cv_mentions_rate,0.013737543315124334,83,Kern
EARTHQUAKE_Total,0.0060659902151921075,83,Kern
Num_Articles,0.00585300932994548,83,Kern
WIND_AvgMPH,-0.022585939472809125,83,Kern
WIND_RunMiles,-0.026040118059451167,83,Kern
cv_mentions_rate,0.10573570551895817,84,Kern
risk_mentions_rate,0.06332165988117844,84,Kern
EARTHQUAKE_Total,0.05663072550633341,84,Kern
PESTICIDE_Total,0.03595382985838974,84,Kern
WIND_AvgMPH,0.02146967632710428,84,Kern
PRECIP,0.01913353981273358,84,Kern
AQI_PM10,0.011856909173954655,84,Kern
WIND_RunMiles,-0.016330482066643448,84,Kern
AQI_PM25,-0.02171804540073602,84,Kern
Num_Articles,-0.040463070776750265,84,Kern
cv_mentions_rate,0.14710307741464068,85,Kern
AQI_PM25,0.08836910389407526,85,Kern
risk_mentions_rate,0.06295179383848137,85,Kern
EARTHQUAKE_Total,0.057529973209190066,85,Kern
PESTICIDE_Total,0.047780144176806094,85,Kern
AQI_PM10,0.016540046316650625,85,Kern
WIND_AvgMPH,-0.02915672250360174,85,Kern
PRECIP,-0.032135980582777834,85,Kern
WIND_RunMiles,-0.03785315900676972,85,Kern
Num_Articles,-0.040743758571933186,85,Kern
AQI_PM10,0.1477572353228362,86,Kern
PESTICIDE_Total,0.06205283739524997,86,Kern
risk_mentions_rate,0.05118559215770452,86,Kern
EARTHQUAKE_Total,0.04974954868520404,86,Kern
cv_mentions_rate,0.032196468281803836,86,Kern
PRECIP,0.0003323411905776785,86,Kern
WIND_RunMiles,-0.03777693312811248,86,Kern
Num_Articles,-0.04598167053230001,86,Kern
WIND_AvgMPH,-0.047397961765988594,86,Kern
AQI_PM25,-0.08577788702190647,86,Kern
AQI_PM10,0.15475208500057236,87,Kern
AQI_PM25,0.07531090284282738,87,Kern
PESTICIDE_Total,0.0561661786172829,87,Kern
EARTHQUAKE_Total,0.041152779685034724,87,Kern
risk_mentions_rate,0.007506573620641999,87,Kern
cv_mentions_rate,-4.1679147750106615e-05,87,Kern
PRECIP,-0.023219321747964483,87,Kern
WIND_RunMiles,-0.052832304534599306,87,Kern
WIND_AvgMPH,-0.07988804159401325,87,Kern
Num_Articles,-0.12921027273474384,87,Kern
EARTHQUAKE_Total,0.03124499290423599,88,Kern
AQI_PM10,0.029526702580805586,88,Kern
PESTICIDE_Total,0.015089794874880713,88,Kern
PRECIP,0.013570728097364593,88,Kern
WIND_RunMiles,0.008221364567578049,88,Kern
risk_mentions_rate,0.00714469480053137,88,Kern
WIND_AvgMPH,0.0012285689040165693,88,Kern
cv_mentions_rate,-0.003095993209423331,88,Kern
Num_Articles,-0.06285118223714126,88,Kern
AQI_PM25,-0.12147384296937247,88,Kern
AQI_PM10,0.1314912331310582,89,Kern
PRECIP,0.019413845574341615,89,Kern
PESTICIDE_Total,0.013411393060387133,89,Kern
cv_mentions_rate,0.012162581909664072,89,Kern
risk_mentions_rate,0.0080361793368664,89,Kern
EARTHQUAKE_Total,0.004776454992743928,89,Kern
WIND_AvgMPH,-0.012014206400514371,89,Kern
AQI_PM25,-0.068450264026646,89,Kern
Num_Articles,-0.08316435519831389,89,Kern
WIND_RunMiles,-0.09112706151687483,89,Kern
AQI_PM10,0.08898991018700725,90,Kern
PESTICIDE_Total,0.053278167720610226,90,Kern
risk_mentions_rate,0.0458247332910679,90,Kern
AQI_PM25,0.010103422416573582,90,Kern
EARTHQUAKE_Total,-0.00161593581103886,90,Kern
PRECIP,-0.00255158875192657,90,Kern
cv_mentions_rate,-0.007279263805337055,90,Kern
WIND_AvgMPH,-0.010273899310390855,90,Kern
WIND_RunMiles,-0.03403111961499988,90,Kern
Num_Articles,-0.16723532316820178,90,Kern
AQI_PM10,0.11661494361528535,91,Kern
PESTICIDE_Total,0.08838448953764011,91,Kern
risk_mentions_rate,0.051971295439091236,91,Kern
EARTHQUAKE_Total,0.03503690618818123,91,Kern
AQI_PM25,0.014278443985869471,91,Kern
WIND_RunMiles,0.0075794709375912594,91,Kern
PRECIP,0.003798263561397841,91,Kern
cv_mentions_rate,-0.014999777493339861,91,Kern
Num_Articles,-0.07272836327888282,91,Kern
WIND_AvgMPH,-0.07931457883595927,91,Kern
PESTICIDE_Total,0.1387268304213965,92,Kern
AQI_PM10,0.10241058494049043,92,Kern
cv_mentions_rate,0.06612144244412799,92,Kern
EARTHQUAKE_Total,0.056792521782546124,92,Kern
AQI_PM25,0.026292114447425685,92,Kern
PRECIP,0.011829492917000417,92,Kern
risk_mentions_rate,-0.0010629735014224262,92,Kern
WIND_RunMiles,-0.01741054206058007,92,Kern
WIND_AvgMPH,-0.04821224501974619,92,Kern
Num_Articles,-0.051468155697129925,92,Kern
WIND_RunMiles,0.051097142733512735,93,Kern
EARTHQUAKE_Total,0.03856277910471417,93,Kern
risk_mentions_rate,0.0361247449526213,93,Kern
AQI_PM10,0.02827779481656134,93,Kern
AQI_PM25,0.021681403250478293,93,Kern
WIND_AvgMPH,0.01745280623828538,93,Kern
PESTICIDE_Total,0.012064091973938207,93,Kern
cv_mentions_rate,0.006291042224570442,93,Kern
PRECIP,-0.0031932168951933626,93,Kern
Num_Articles,-0.19215523481079733,93,Kern
AQI_PM10,0.10474811158130537,94,Kern
risk_mentions_rate,0.05877542909875988,94,Kern
PESTICIDE_Total,0.03638299845799331,94,Kern
EARTHQUAKE_Total,0.008193589783173638,94,Kern
PRECIP,0.007069445142445452,94,Kern
WIND_AvgMPH,-0.005977095836113389,94,Kern
cv_mentions_rate,-0.011654603698217136,94,Kern
AQI_PM25,-0.05262028514771577,94,Kern
Num_Articles,-0.06638620078246305,94,Kern
WIND_RunMiles,-0.08479994280387537,94,Kern
AQI_PM10,0.0762755204257266,95,Kern
PESTICIDE_Total,0.06546195330961557,95,Kern
EARTHQUAKE_Total,0.04643321428665437,95,Kern
cv_mentions_rate,0.039263413454422025,95,Kern
risk_mentions_rate,0.03405093391755443,95,Kern
Num_Articles,0.02790146225372092,95,Kern
AQI_PM25,0.005863075306029197,95,Kern
PRECIP,-0.016311062111341146,95,Kern
WIND_RunMiles,-0.028007373404450808,95,Kern
WIND_AvgMPH,-0.04414372866195432,95,Kern
AQI_PM25,0.12839293704624916,96,Kern
AQI_PM10,0.07868527779092921,96,Kern
risk_mentions_rate,0.05685612103668286,96,Kern
EARTHQUAKE_Total,0.042213738143027035,96,Kern
cv_mentions_rate,0.039543046659964776,96,Kern
PESTICIDE_Total,0.01653362904075989,96,Kern
Num_Articles,0.009694647218428887,96,Kern
WIND_AvgMPH,0.0003576520464051991,96,Kern
WIND_RunMiles,-0.0016235352671850056,96,Kern
PRECIP,-0.04563103139538183,96,Kern
PESTICIDE_Total,0.06355776608580788,97,Kern
risk_mentions_rate,0.04068529435185664,97,Kern
AQI_PM10,0.023385192842150238,97,Kern
PRECIP,0.022911874925038545,97,Kern
WIND_AvgMPH,0.020925686039529712,97,Kern
cv_mentions_rate,0.011546291364258887,97,Kern
EARTHQUAKE_Total,0.0,97,Kern
AQI_PM25,-0.0013012630101673084,97,Kern
WIND_RunMiles,-0.03685176115373756,97,Kern
Num_Articles,-0.10718959000966449,97,Kern
AQI_PM10,0.18552580782124295,98,Kern
risk_mentions_rate,0.07151210922960816,98,Kern
EARTHQUAKE_Total,0.026378232128912105,98,Kern
PRECIP,0.0045265211464160515,98,Kern
cv_mentions_rate,-0.006449449543481145,98,Kern
WIND_RunMiles,-0.030805484195368105,98,Kern
Num_Articles,-0.032329990831793665,98,Kern
PESTICIDE_Total,-0.03721425248018673,98,Kern
WIND_AvgMPH,-0.08226084961212854,98,Kern
AQI_PM25,-0.1347268196128265,98,Kern
risk_mentions_rate,0.07238196698160337,99,Kern
cv_mentions_rate,0.06695437043688757,99,Kern
PESTICIDE_Total,0.05582834809313436,99,Kern
AQI_PM10,0.020655205895849016,99,Kern
AQI_PM25,0.0028655092606482135,99,Kern
EARTHQUAKE_Total,9.718040284778517e-05,99,Kern
WIND_AvgMPH,-0.01284475491976711,99,Kern
PRECIP,-0.01906980299968436,99,Kern
WIND_RunMiles,-0.03095593705378541,99,Kern
Num_Articles,-0.056952399053466884,99,Kern
PESTICIDE_Total,0.06948299704760841,100,Kern
cv_mentions_rate,0.06131619854546044,100,Kern
AQI_PM10,0.04401952254800334,100,Kern
EARTHQUAKE_Total,0.02106241060066083,100,Kern
risk_mentions_rate,0.008605363058119764,100,Kern
AQI_PM25,-0.002989783797649026,100,Kern
PRECIP,-0.029999086312891943,100,Kern
WIND_AvgMPH,-0.03282669027980678,100,Kern
Num_Articles,-0.04106477166134037,100,Kern
WIND_RunMiles,-0.06516482558183145,100,Kern
